steer_dim,player_name,Achievement,Achievement:scstd,Aesthetic,Aesthetic:scstd,Anxiety Disorder,Anxiety Disorder:scstd,Breadth of Interest,Breadth of Interest:scstd,Economic,Economic:scstd,Empathy,Empathy:scstd,Organization,Organization:scstd,Political,Political:scstd,Positive coping,Positive coping:scstd,Religious,Religious:scstd,Resilience,Resilience:scstd,Social,Social:scstd,Social Complexity,Social Complexity:scstd,Social Cynicism,Social Cynicism:scstd,Theoretical,Theoretical:scstd,Uncertainty Avoidance,Uncertainty Avoidance:scstd,Understanding,Understanding:scstd,stds,scstds
,,0.6666666666666666,-1,0.0,-1,-0.6666666666666666,-1,0.6666666666666666,-1,0.3333333333333333,-1,1.0,-1,1.0,-1,-0.3333333333333333,-1,0.5,-1,0.3333333333333333,-1,1.0,-1,-0.3333333333333333,-1,1.0,-1,-0.6666666666666666,-1,0.6666666666666666,-1,-0.3333333333333333,-1,1.0,-1,0.6062853278937884,
63905,,0.6666666666666666,-1,0.3333333333333333,-1,-0.6666666666666666,-1,0.3333333333333333,-1,0.3333333333333333,-1,1.0,-1,1.0,-1,-0.3333333333333333,-1,0.5,-1,0.6666666666666666,-1,1.0,-1,0.3333333333333333,0.0,0.7142857142857143,-1,-1.0,-1,0.0,0.0,0.0,1.8856180831641267,1.0,-1,0.6185878118481359,0.6285393610547089
48321,,0.6666666666666666,-1,-0.3333333333333333,-1,-0.6666666666666666,-1,0.3333333333333333,-1,0.3333333333333333,-1,1.0,-1,1.0,-1,0.3333333333333333,0.0,0.5,-1,0.0,-1,1.0,-1,0.0,-1,1.0,-1,-0.6666666666666666,-1,0.3333333333333333,1.8856180831641267,0.3333333333333333,0.0,0.6666666666666666,-1,0.6767237425456786,0.6285393610547089
1897,,0.6666666666666666,-1,0.0,-1,-0.6666666666666666,-1,0.6666666666666666,-1,0.3333333333333333,-1,1.0,-1,1.0,-1,-0.3333333333333333,-1,0.25,-1,0.3333333333333333,-1,1.0,-1,-0.3333333333333333,-1,1.0,-1,-0.6666666666666666,-1,0.6666666666666666,-1,-0.3333333333333333,-1,1.0,-1,0.6122982945271659,
2509,,0.6666666666666666,-1,-0.6666666666666666,0.0,-0.6666666666666666,-1,0.6666666666666666,-1,0.0,-1,1.0,-1,1.0,-1,0.0,-1,0.5,-1,0.0,-1,1.0,-1,0.3333333333333333,0.0,1.0,-1,-0.3333333333333333,-1,0.0,0.0,-0.6666666666666666,-1,1.0,-1,0.6163778499675421,0.0
60312,,0.6666666666666666,2.0,-0.6666666666666666,0.0,-0.6666666666666666,-1,0.6666666666666666,-1,0.3333333333333333,-1,1.0,-1,1.0,-1,-0.16666666666666666,-1,0.5,-1,-0.3333333333333333,0.0,1.0,-1,-0.3333333333333333,2.0,1.0,-1,-1.0,-1,0.3333333333333333,1.8856180831641267,0.16666666666666666,1.4142135623730951,1.0,-1,0.5537494397543479,1.216638607589537
7754,,0.0,0.7453559924999298,0.0,1.0,0.0,0.7453559924999298,0.0,0.7453559924999298,0.0,0.9428090415820634,0.0,0.0,-0.16666666666666666,0.3726779962499649,0.0,0.9428090415820634,-0.125,0.6998542122237652,0.0,0.9428090415820634,-0.14285714285714285,0.34992710611188266,0.0,0.9428090415820634,0.0,0.0,0.0,0.7453559924999298,-0.16666666666666666,0.8975274678557507,0.0,0.9428090415820634,0.0,0.0,0.08388247132322861,0.6479679976677294
49202,,0.6666666666666666,-1,-0.3333333333333333,-1,-0.6666666666666666,-1,0.6666666666666666,-1,0.3333333333333333,-1,1.0,-1,1.0,-1,0.3333333333333333,0.0,0.5,-1,0.6666666666666666,-1,1.0,-1,0.3333333333333333,0.0,1.0,-1,-0.6666666666666666,-1,0.0,0.0,-0.3333333333333333,-1,0.6666666666666666,-1,0.6501297980408431,0.0
2246,,0.6666666666666666,-1,-0.6666666666666666,0.0,-0.6666666666666666,-1,0.6666666666666666,-1,0.3333333333333333,-1,1.0,-1,1.0,-1,0.0,-1,0.25,-1,0.3333333333333333,2.0,1.0,-1,-0.3333333333333333,-1,0.42857142857142855,0.0,-0.6666666666666666,-1,-0.16666666666666666,0.4714045207910317,0.0,1.8856180831641267,1.0,-1,0.6661463702681585,0.8714045207910317
13033,,0.3333333333333333,0.0,-0.16666666666666666,-1,-0.6666666666666666,-1,0.6666666666666666,2.0,-0.5,0.4714045207910317,0.375,0.0,0.8333333333333334,-1,-0.16666666666666666,0.9428090415820634,0.375,1.5,0.0,1.2000000000000002,0.42857142857142855,0.4714045207910317,0.0,1.247219128924647,0.14285714285714285,0.5,-0.6666666666666666,1.4142135623730951,0.5,0.9428090415820634,-0.3333333333333333,1.5811388300841898,0.8333333333333334,-1,0.667235877545401,0.9439229727790862
58305,,0.6666666666666666,-1,-0.3333333333333333,-1,-0.6666666666666666,-1,0.6666666666666666,-1,0.3333333333333333,-1,1.0,-1,1.0,-1,0.0,-1,0.5,-1,0.0,-1,1.0,-1,0.0,-1,1.0,-1,-0.6666666666666666,-1,0.3333333333333333,1.8856180831641267,-0.3333333333333333,2.0,1.0,-1,0.6246285611830831,1.9428090415820634
41929,,0.6666666666666666,-1,-0.3333333333333333,-1,-0.6666666666666666,-1,0.6666666666666666,-1,0.3333333333333333,-1,1.0,-1,1.0,-1,-0.3333333333333333,-1,0.5,-1,0.6666666666666666,-1,1.0,-1,0.0,-1,1.0,-1,-0.6666666666666666,-1,0.3333333333333333,1.8856180831641267,-0.3333333333333333,2.0,0.6666666666666666,-1,0.650129798040843,1.9428090415820634
20141,,0.8333333333333334,-1,-0.6666666666666666,0.0,-0.6666666666666666,-1,0.5,1.5,0.3333333333333333,-1,0.75,-1,1.0,-1,-0.3333333333333333,-1,0.5,2.0,-0.3333333333333333,0.0,0.7142857142857143,-1,0.0,-1,1.0,-1,-0.6666666666666666,-1,0.3333333333333333,1.8856180831641267,0.5,0.4714045207910317,0.5,0.5,0.6999169077253106,0.9081460862793084
12477,,0.6666666666666666,-1,-0.3333333333333333,-1,-0.6666666666666666,-1,0.6666666666666666,-1,0.3333333333333333,-1,1.0,-1,1.0,-1,-0.3333333333333333,-1,0.5,-1,0.3333333333333333,-1,1.0,-1,-0.3333333333333333,-1,1.0,-1,-0.6666666666666666,-1,0.6666666666666666,-1,-0.6666666666666666,-1,1.0,-1,0.5913062686290784,
54606,,0.6666666666666666,-1,-0.3333333333333333,-1,-0.6666666666666666,-1,0.6666666666666666,-1,0.3333333333333333,-1,1.0,-1,1.0,-1,-0.3333333333333333,-1,0.25,-1,0.3333333333333333,-1,1.0,-1,0.3333333333333333,0.0,1.0,-1,-0.6666666666666666,-1,0.0,0.0,-0.3333333333333333,-1,1.0,-1,0.6239131797672914,0.0
21347,,0.6666666666666666,-1,0.0,-1,-0.6666666666666666,-1,0.6666666666666666,-1,0.3333333333333333,-1,1.0,-1,1.0,-1,-0.3333333333333333,-1,0.25,-1,0.6666666666666666,-1,1.0,-1,0.0,-1,1.0,-1,-0.6666666666666666,-1,0.6666666666666666,-1,-0.6666666666666666,-1,1.0,-1,0.5924326980714993,
4305,,0.6666666666666666,2.0,-0.3333333333333333,1.8856180831641267,-0.6666666666666666,-1,1.0,-1,0.5,-1,0.75,-1,1.0,-1,-0.3333333333333333,-1,0.25,-1,-0.3333333333333333,0.0,0.7142857142857143,-1,-0.3333333333333333,2.0,1.0,-1,-1.0,-1,-0.3333333333333333,0.0,-0.3333333333333333,2.0,1.0,-1,0.6024039251094107,1.3142696805273546
30919,,0.6666666666666666,-1,-0.6666666666666666,0.0,-0.6666666666666666,-1,1.0,-1,0.3333333333333333,-1,1.0,-1,1.0,-1,-0.3333333333333333,-1,0.25,-1,-0.3333333333333333,0.0,1.0,-1,0.3333333333333333,0.0,1.0,-1,-0.6666666666666666,-1,-0.3333333333333333,0.0,0.0,1.8856180831641267,1.0,-1,0.5684538243801112,0.37712361663282534
34598,,0.6666666666666666,-1,-0.3333333333333333,-1,-0.6666666666666666,-1,0.6666666666666666,-1,0.3333333333333333,-1,1.0,-1,1.0,-1,-0.3333333333333333,-1,0.5,-1,1.0,0.0,1.0,-1,-0.3333333333333333,-1,1.0,-1,-0.6666666666666666,-1,0.0,0.0,-0.3333333333333333,-1,1.0,-1,0.5624408577467338,0.0
51010,,0.6666666666666666,-1,-0.3333333333333333,-1,-0.6666666666666666,-1,0.6666666666666666,-1,0.3333333333333333,-1,1.0,-1,1.0,-1,-0.3333333333333333,-1,0.5,-1,0.6666666666666666,-1,1.0,-1,0.0,-1,1.0,-1,-0.6666666666666666,-1,0.3333333333333333,-1,-0.3333333333333333,2.0,1.0,-1,0.6062853278937884,2.0
62769,,0.6666666666666666,-1,-0.5,1.4142135623730951,-0.6666666666666666,-1,0.6666666666666666,-1,0.3333333333333333,1.0,1.0,-1,1.0,-1,-0.16666666666666666,-1,0.5,-1,-0.16666666666666666,0.5,1.0,-1,-0.3333333333333333,-1,1.0,-1,-0.3333333333333333,0.0,0.16666666666666666,1.6393596310755,-0.16666666666666666,1.699673171197595,0.8333333333333334,-1,0.6036567583155937,1.0422077274410315
47207,,1.0,-1,-0.6666666666666666,0.0,-0.6666666666666666,-1,1.0,-1,0.3333333333333333,-1,1.0,-1,1.0,-1,0.0,-1,0.25,-1,0.0,-1,0.7142857142857143,-1,-0.3333333333333333,-1,1.0,-1,-0.6666666666666666,-1,0.3333333333333333,1.8856180831641267,-0.3333333333333333,2.0,1.0,-1,0.5691414230943331,1.2952060277213755
8035,,0.6666666666666666,-1,0.0,-1,-0.6666666666666666,-1,0.6666666666666666,-1,0.3333333333333333,-1,1.0,-1,1.0,-1,-0.3333333333333333,-1,0.25,-1,0.6666666666666666,-1,1.0,-1,-0.3333333333333333,-1,1.0,-1,-0.6666666666666666,-1,0.6666666666666666,-1,-0.3333333333333333,-1,1.0,-1,0.6006834092870403,
8546,,0.6666666666666666,-1,-0.6666666666666666,0.0,-0.6666666666666666,-1,0.6666666666666666,-1,0.3333333333333333,-1,1.0,-1,1.0,-1,-0.3333333333333333,-1,0.25,-1,0.0,-1,1.0,-1,0.0,-1,1.0,-1,-0.6666666666666666,-1,0.3333333333333333,1.8856180831641267,0.3333333333333333,0.0,1.0,-1,0.6156624685517503,0.6285393610547089
9332,,0.8333333333333334,-1,-0.3333333333333333,1.5,-0.6666666666666666,-1,1.0,-1,0.16666666666666666,-1,1.0,-1,1.0,-1,0.0,1.247219128924647,0.25,0.0,-0.16666666666666666,1.0897247358851685,1.0,-1,0.3333333333333333,0.4714045207910317,1.0,-1,-0.5,0.9428090415820634,0.3333333333333333,1.5,-0.3333333333333333,1.4142135623730951,0.8333333333333334,-1,0.48250002778283424,1.0206713736945008
,Richard Carson,0.6666666666666666,-1,-0.3333333333333333,-1,0.0,-1,0.6666666666666666,-1,0.0,-1,1.0,-1,0.6666666666666666,-1,-0.3333333333333333,-1,0.5,-1,0.0,-1,0.7142857142857143,-1,0.6666666666666666,-1,1.0,-1,-0.5,-1,0.6666666666666666,-1,-0.3333333333333333,-1,1.0,-1,0.6991087834752951,
63905,Richard Carson,1.0,-1,-0.3333333333333333,-1,-0.6666666666666666,0.0,1.0,-1,0.0,-1,0.75,-1,0.6666666666666666,-1,-0.3333333333333333,-1,0.5,2.0,0.0,-1,0.42857142857142855,-1,0.3333333333333333,-1,0.7142857142857143,-1,-0.6666666666666666,-1,0.0,0.0,-0.3333333333333333,-1,1.0,-1,0.714007617088685,0.6666666666666666
48321,Richard Carson,0.6666666666666666,-1,0.3333333333333333,0.0,-0.3333333333333333,-1,0.3333333333333333,-1,0.0,-1,1.0,-1,0.6666666666666666,-1,0.0,-1,0.75,-1,0.0,-1,0.7142857142857143,-1,0.6666666666666666,-1,1.0,-1,-0.6666666666666666,-1,0.0,0.0,-0.3333333333333333,2.0,1.0,-1,0.7125854221363462,0.6666666666666666
1897,Richard Carson,0.6666666666666666,-1,-0.3333333333333333,-1,-0.3333333333333333,-1,1.0,-1,0.0,-1,1.0,-1,1.0,-1,-0.3333333333333333,-1,0.5,-1,0.0,-1,0.7142857142857143,-1,0.6666666666666666,-1,1.0,-1,-0.5,-1,0.6666666666666666,-1,-0.3333333333333333,-1,1.0,-1,0.6080556691566011,
2509,Richard Carson,0.6666666666666666,-1,0.0,-1,-0.6666666666666666,0.0,0.6666666666666666,-1,0.3333333333333333,-1,1.0,-1,1.0,-1,-0.3333333333333333,-1,0.5,2.0,-0.3333333333333333,-1,0.7142857142857143,-1,0.3333333333333333,-1,1.0,-1,-0.8333333333333334,-1,0.3333333333333333,-1,-0.6666666666666666,-1,1.0,-1,0.6255309876569533,1.0
60312,Richard Carson,1.0,-1,0.0,-1,-0.3333333333333333,-1,0.6666666666666666,-1,0.0,-1,0.75,-1,1.0,-1,0.3333333333333333,0.0,0.5,2.0,0.3333333333333333,1.247219128924647,0.7142857142857143,-1,0.6666666666666666,-1,1.0,-1,-1.0,0.5,0.6666666666666666,2.0,0.0,-1,1.0,-1,0.5937858527610703,1.1494438257849295
7754,Richard Carson,0.16666666666666666,0.8,-0.16666666666666666,1.2133516482134197,-0.16666666666666666,0.9797958971132713,0.16666666666666666,0.8,0.0,1.0,0.125,0.0,0.0,0.7453559924999298,0.0,0.9428090415820634,0.0,0.8660254037844386,0.16666666666666666,1.2133516482134197,0.0,0.6998542122237653,0.0,0.7453559924999298,0.0,0.0,-0.16666666666666666,0.9428090415820634,-0.16666666666666666,0.8975274678557508,0.0,0.9428090415820634,0.0,0.0,0.17290969927251934,0.7522967874794185
49202,Richard Carson,0.6666666666666666,-1,0.0,-1,-0.6666666666666666,0.0,1.0,-1,0.0,-1,1.0,-1,0.6666666666666666,-1,-0.3333333333333333,-1,0.25,-1,0.0,-1,0.7142857142857143,-1,0.3333333333333333,-1,1.0,-1,-0.8333333333333334,-1,0.3333333333333333,-1,-0.3333333333333333,-1,1.0,-1,0.6498871875796252,0.0
2246,Richard Carson,0.6666666666666666,-1,-0.3333333333333333,-1,-0.3333333333333333,-1,1.0,-1,0.0,-1,1.0,-1,1.0,-1,-0.3333333333333333,-1,0.75,-1,0.0,-1,0.7142857142857143,-1,0.3333333333333333,-1,1.0,-1,-1.0,0.5,0.6666666666666666,-1,0.0,-1,1.0,-1,0.5660729524304721,0.5
13033,Richard Carson,0.6666666666666666,1.4142135623730951,-0.16666666666666666,0.9428090415820634,-0.16666666666666666,-1,0.6666666666666666,2.0,0.0,-1,0.875,-1,0.5,-1,0.16666666666666666,1.6393596310755,0.5,2.0,-0.16666666666666666,1.5,0.8571428571428571,-1,0.5,-1,1.0,-1,-0.6666666666666666,0.9428090415820634,0.3333333333333333,0.0,-0.16666666666666666,1.469693845669907,0.8333333333333334,-1,0.6439615661001785,1.323209458031403
58305,Richard Carson,0.3333333333333333,-1,-0.3333333333333333,-1,-0.3333333333333333,-1,1.0,-1,0.0,-1,1.0,-1,1.0,-1,-0.3333333333333333,-1,0.25,-1,0.0,-1,0.7142857142857143,-1,0.3333333333333333,-1,1.0,-1,-0.8333333333333334,-1,0.6666666666666666,-1,-0.6666666666666666,-1,1.0,-1,0.602678543407986,
41929,Richard Carson,0.6666666666666666,-1,-0.3333333333333333,-1,0.0,-1,0.6666666666666666,2.0,0.0,-1,1.0,-1,0.6666666666666666,-1,-0.3333333333333333,-1,0.5,2.0,0.0,-1,0.7142857142857143,-1,0.3333333333333333,-1,1.0,-1,-0.8333333333333334,-1,0.6666666666666666,-1,-0.6666666666666666,-1,1.0,-1,0.676103805853177,2.0
20141,Richard Carson,1.0,-1,-0.16666666666666666,1.5,-0.6666666666666666,0.0,0.8333333333333334,1.5,0.0,-1,1.0,-1,0.6666666666666666,-1,-0.3333333333333333,2.0,0.25,-1,0.16666666666666666,-1,0.42857142857142855,-1,0.3333333333333333,-1,0.7142857142857143,-1,-0.6666666666666666,-1,0.3333333333333333,-1,0.0,1.8856180831641267,1.0,-1,0.694343293287548,1.3771236166328253
12477,Richard Carson,0.6666666666666666,-1,-0.3333333333333333,-1,-0.6666666666666666,0.0,0.6666666666666666,-1,0.0,-1,1.0,-1,0.6666666666666666,-1,-0.3333333333333333,-1,0.5,-1,0.0,-1,0.7142857142857143,-1,0.6666666666666666,-1,1.0,-1,-0.5,-1,0.6666666666666666,-1,-0.3333333333333333,-1,1.0,-1,0.684129724210585,0.0
54606,Richard Carson,0.3333333333333333,-1,0.0,-1,-0.3333333333333333,-1,0.6666666666666666,-1,0.0,-1,1.0,-1,1.0,-1,-0.3333333333333333,-1,0.5,-1,0.0,-1,0.7142857142857143,-1,0.3333333333333333,-1,1.0,-1,-1.0,0.5,0.6666666666666666,-1,0.0,-1,1.0,-1,0.6369310451374304,0.5
21347,Richard Carson,0.3333333333333333,-1,-0.3333333333333333,-1,-0.3333333333333333,-1,0.3333333333333333,-1,0.0,-1,1.0,-1,0.6666666666666666,-1,-0.3333333333333333,-1,0.5,-1,0.0,-1,0.7142857142857143,-1,0.6666666666666666,-1,1.0,-1,-0.5,-1,0.6666666666666666,-1,-0.3333333333333333,-1,1.0,-1,0.7189743799309616,
4305,Richard Carson,0.16666666666666666,0.5,0.0,-1,-0.6666666666666666,0.0,0.3333333333333333,-1,0.3333333333333333,-1,0.75,-1,0.3333333333333333,-1,-0.5,-1,0.25,-1,-0.16666666666666666,1.5,0.42857142857142855,-1,0.0,0.0,0.7142857142857143,-1,-1.0,0.5,0.3333333333333333,1.8856180831641267,-0.3333333333333333,2.0,1.0,-1,0.7794861489055729,0.9122311547377324
30919,Richard Carson,0.8333333333333334,1.5,0.0,-1,0.0,-1,0.6666666666666666,-1,0.3333333333333333,-1,1.0,-1,0.6666666666666666,-1,0.0,-1,0.0,0.0,0.0,-1,0.7142857142857143,-1,0.3333333333333333,-1,1.0,-1,-0.6666666666666666,1.699673171197595,1.0,-1,0.0,1.8856180831641267,1.0,-1,0.6584834275963322,1.2713228135904304
34598,Richard Carson,0.3333333333333333,-1,-0.3333333333333333,-1,-0.3333333333333333,-1,0.6666666666666666,-1,0.0,-1,1.0,-1,0.6666666666666666,-1,-0.3333333333333333,-1,0.5,-1,0.0,-1,0.7142857142857143,-1,0.6666666666666666,-1,1.0,-1,-0.6666666666666666,-1,0.6666666666666666,-1,-0.3333333333333333,-1,1.0,-1,0.7062767521422453,
51010,Richard Carson,0.6666666666666666,-1,0.0,-1,-0.6666666666666666,0.0,0.6666666666666666,-1,0.0,-1,1.0,-1,1.0,-1,-0.3333333333333333,-1,0.75,-1,-0.3333333333333333,-1,0.7142857142857143,-1,0.6666666666666666,-1,0.7142857142857143,-1,-1.0,0.5,0.3333333333333333,-1,-0.3333333333333333,2.0,1.0,-1,0.6361062581495088,0.8333333333333334
62769,Richard Carson,0.6666666666666666,-1,-0.16666666666666666,-1,-0.3333333333333333,-1,0.6666666666666666,-1,0.0,-1,1.0,-1,1.0,-1,0.0,0.0,0.375,1.5,0.0,1.0,0.7142857142857143,-1,0.3333333333333333,-1,1.0,-1,-0.5,-1,0.8333333333333334,1.5,-0.6666666666666666,-1,1.0,-1,0.6085563729249972,1.0
47207,Richard Carson,0.6666666666666666,-1,-0.3333333333333333,-1,-0.6666666666666666,0.0,1.0,-1,0.3333333333333333,-1,1.0,-1,1.0,-1,-0.3333333333333333,-1,0.0,1.7320508075688772,0.0,-1,0.42857142857142855,-1,0.3333333333333333,-1,0.7142857142857143,-1,-1.0,0.5,0.6666666666666666,2.0,-0.3333333333333333,2.0,1.0,-1,0.6207926647375954,1.2464101615137753
8035,Richard Carson,0.6666666666666666,-1,-0.3333333333333333,-1,-0.3333333333333333,-1,0.6666666666666666,-1,0.0,-1,1.0,-1,0.6666666666666666,-1,-0.3333333333333333,-1,0.5,-1,0.0,-1,0.7142857142857143,-1,0.6666666666666666,-1,1.0,-1,-0.5,-1,0.6666666666666666,-1,-0.3333333333333333,-1,1.0,-1,0.6957446094507107,
8546,Richard Carson,0.6666666666666666,-1,0.0,-1,-0.3333333333333333,-1,1.0,-1,0.0,-1,1.0,-1,1.0,-1,-0.3333333333333333,-1,0.5,2.0,0.0,-1,0.7142857142857143,-1,0.3333333333333333,-1,1.0,-1,-0.8333333333333334,-1,0.3333333333333333,-1,-0.3333333333333333,2.0,1.0,-1,0.6116446360393185,2.0
9332,Richard Carson,1.0,-1,0.16666666666666666,0.5,-0.6666666666666666,0.0,0.5,1.5,0.16666666666666666,1.5,0.875,-1,1.0,-1,-0.16666666666666666,-1,0.5,2.0,0.0,-1,1.0,-1,0.0,0.0,0.5714285714285714,0.5,-0.5,1.2649110640673518,0.8333333333333334,1.5,0.16666666666666666,1.6393596310755,1.0,-1,0.582181303103004,1.0404270695142852
,Andre Benton,0.6666666666666666,-1,-0.6666666666666666,-1,-0.6666666666666666,-1,0.6666666666666666,-1,0.0,-1,0.5,-1,1.0,-1,0.0,-1,0.75,-1,0.0,-1,0.7142857142857143,-1,-0.3333333333333333,-1,1.0,-1,-0.5,-1,0.6666666666666666,-1,-0.6666666666666666,-1,0.6666666666666666,-1,0.7147871205106998,
63905,Andre Benton,0.3333333333333333,-1,-0.3333333333333333,-1,-0.6666666666666666,-1,0.3333333333333333,1.8856180831641267,0.0,-1,0.25,-1,1.0,-1,-0.3333333333333333,-1,0.75,2.0,0.0,-1,0.42857142857142855,-1,0.16666666666666666,0.5,1.0,-1,-0.6666666666666666,-1,0.3333333333333333,1.8856180831641267,-0.3333333333333333,1.8856180831641267,1.0,-1,0.7398991335041908,1.6313708498984762
48321,Andre Benton,0.6666666666666666,-1,-0.3333333333333333,-1,-0.6666666666666666,-1,0.6666666666666666,-1,0.0,-1,0.25,-1,1.0,-1,-0.3333333333333333,-1,1.0,-1,0.0,-1,0.7142857142857143,-1,-0.5,1.5,1.0,-1,-0.6666666666666666,1.699673171197595,0.3333333333333333,1.8856180831641267,0.6666666666666666,0.0,0.6666666666666666,-1,0.6901426908439624,1.2713228135904304
1897,Andre Benton,0.3333333333333333,-1,-0.6666666666666666,-1,-0.6666666666666666,-1,0.3333333333333333,-1,0.0,-1,0.5,-1,1.0,-1,0.0,-1,0.75,-1,0.0,-1,0.7142857142857143,-1,0.3333333333333333,0.0,1.0,-1,-0.5,-1,0.6666666666666666,-1,-0.6666666666666666,-1,0.6666666666666666,-1,0.7380168909909508,0.0
2509,Andre Benton,0.3333333333333333,-1,-0.6666666666666666,-1,-0.6666666666666666,-1,1.0,-1,0.3333333333333333,-1,0.5,-1,1.0,-1,-0.16666666666666666,1.5,0.75,-1,0.0,2.0,0.7142857142857143,-1,0.0,-1,1.0,-1,-0.8333333333333334,-1,0.6666666666666666,2.0,0.0,0.0,1.0,-1,0.6246593510908225,1.375
60312,Andre Benton,0.5,-1,-0.16666666666666666,0.5,-0.6666666666666666,-1,0.8333333333333334,1.5,0.0,-1,0.375,1.5,1.0,-1,0.3333333333333333,-1,0.75,-1,-0.3333333333333333,-1,0.7142857142857143,-1,0.3333333333333333,0.0,1.0,-1,-1.0,0.5,0.0,1.7320508075688772,-0.8333333333333334,1.5,1.0,-1,0.599922238733401,1.0331501153669824
7754,Andre Benton,0.0,0.7453559924999298,0.0,0.7453559924999298,0.0,0.7453559924999298,-0.16666666666666666,0.8975274678557507,0.0,1.0,0.0,0.8660254037844386,0.0,0.0,0.0,1.0,0.0,0.6614378277661477,-0.16666666666666666,0.9797958971132713,0.0,0.6998542122237652,0.0,0.9428090415820634,0.0,0.0,-0.5,1.4142135623730951,0.0,0.7453559924999298,-0.16666666666666666,0.8000000000000002,0.0,0.7453559924999298,0.0951784699264644,0.7640260808940106
49202,Andre Benton,0.6666666666666666,-1,-0.6666666666666666,-1,-0.3333333333333333,-1,0.3333333333333333,-1,0.3333333333333333,-1,0.5,-1,1.0,-1,0.16666666666666666,-1,0.75,-1,0.3333333333333333,-1,0.7142857142857143,-1,0.0,-1,1.0,-1,-0.16666666666666666,-1,0.3333333333333333,-1,-0.6666666666666666,-1,0.6666666666666666,-1,0.7481083269056404,
2246,Andre Benton,0.6666666666666666,-1,-1.0,-1,-0.6666666666666666,-1,0.6666666666666666,-1,0.3333333333333333,-1,0.5,-1,1.0,-1,-0.3333333333333333,-1,0.5,-1,0.0,-1,0.7142857142857143,-1,-0.3333333333333333,-1,1.0,-1,-0.6666666666666666,-1,0.3333333333333333,-1,0.0,0.0,0.6666666666666666,-1,0.7017600675659145,0.0
13033,Andre Benton,0.16666666666666666,0.5,0.0,0.4714045207910317,-0.6666666666666666,1.0,0.0,0.4714045207910317,-0.3333333333333333,-1,0.125,0.5,0.8333333333333334,-1,0.16666666666666666,1.4696938456699071,0.5,0.0,0.0,1.5811388300841898,0.2857142857142857,0.5,0.16666666666666666,1.6393596310755,0.14285714285714285,0.5,-0.5,1.2649110640673518,0.6666666666666666,1.0,-0.16666666666666666,1.3564659966250538,0.3333333333333333,0.0,0.7335482696495595,0.8169585606069378
58305,Andre Benton,0.6666666666666666,-1,-0.6666666666666666,-1,-0.6666666666666666,-1,0.3333333333333333,-1,0.0,-1,0.5,-1,1.0,-1,-0.3333333333333333,-1,0.5,-1,0.0,-1,0.7142857142857143,-1,-0.3333333333333333,-1,1.0,-1,-0.5,-1,0.3333333333333333,-1,-0.3333333333333333,-1,0.6666666666666666,-1,0.7583021655016854,
41929,Andre Benton,0.6666666666666666,-1,-0.6666666666666666,-1,-0.6666666666666666,-1,0.6666666666666666,-1,0.0,-1,0.5,-1,1.0,-1,0.0,-1,0.75,-1,-0.16666666666666666,1.5,0.7142857142857143,-1,0.0,-1,1.0,-1,-0.3333333333333333,-1,1.0,-1,-0.3333333333333333,-1,0.6666666666666666,-1,0.678811171071279,1.5
20141,Andre Benton,0.3333333333333333,1.8856180831641267,-0.16666666666666666,1.6393596310755,-0.6666666666666666,-1,0.6666666666666666,-1,-0.3333333333333333,-1,0.5,-1,1.0,-1,0.0,-1,0.5,-1,0.5,0.5,0.42857142857142855,-1,0.0,1.8856180831641267,0.42857142857142855,0.0,-0.5,1.5811388300841898,0.6666666666666666,2.0,0.16666666666666666,0.4714045207910317,0.5,-1,0.8086526739548657,1.2453923935348719
12477,Andre Benton,0.3333333333333333,-1,-0.3333333333333333,-1,-0.6666666666666666,-1,0.3333333333333333,-1,0.16666666666666666,-1,0.5,-1,1.0,-1,0.0,-1,0.75,-1,0.0,-1,0.7142857142857143,-1,-0.3333333333333333,-1,1.0,-1,-0.5,-1,0.6666666666666666,-1,-0.6666666666666666,-1,0.6666666666666666,-1,0.743603980222591,
54606,Andre Benton,0.6666666666666666,-1,-0.6666666666666666,-1,-0.6666666666666666,-1,0.6666666666666666,-1,0.3333333333333333,-1,0.75,-1,1.0,-1,-0.3333333333333333,-1,0.5,-1,0.0,-1,0.7142857142857143,-1,0.0,-1,1.0,-1,-0.3333333333333333,1.5,0.6666666666666666,-1,-0.3333333333333333,-1,0.6666666666666666,-1,0.7335699744177754,1.5
21347,Andre Benton,0.6666666666666666,-1,-0.6666666666666666,-1,-0.6666666666666666,-1,0.3333333333333333,-1,0.0,-1,0.5,-1,1.0,-1,0.0,-1,0.75,-1,0.0,-1,0.7142857142857143,-1,0.0,-1,1.0,-1,-0.5,-1,0.6666666666666666,-1,-0.6666666666666666,-1,0.6666666666666666,-1,0.7297661797754097,
4305,Andre Benton,0.6666666666666666,-1,0.0,0.0,-0.6666666666666666,-1,0.3333333333333333,-1,0.3333333333333333,-1,0.25,-1,1.0,-1,-0.6666666666666666,0.0,0.25,0.0,0.5,0.5,0.42857142857142855,-1,-0.3333333333333333,2.0,0.7142857142857143,-1,-1.0,0.5,0.0,1.7320508075688772,0.0,1.7320508075688772,0.6666666666666666,-1,0.7713804411061534,0.8080127018922193
30919,Andre Benton,0.0,0.0,-0.3333333333333333,-1,-0.6666666666666666,-1,1.0,-1,-0.3333333333333333,-1,0.5,-1,1.0,-1,0.16666666666666666,-1,0.5,-1,0.0,2.0,0.7142857142857143,-1,0.0,-1,1.0,-1,-0.8333333333333334,1.247219128924647,0.3333333333333333,1.8856180831641267,0.0,1.7320508075688772,1.0,-1,0.6632878588908516,1.37297760393153
34598,Andre Benton,0.3333333333333333,-1,-0.6666666666666666,-1,-0.6666666666666666,-1,0.3333333333333333,-1,0.0,-1,0.5,-1,1.0,-1,0.0,-1,0.75,-1,0.0,-1,0.7142857142857143,-1,0.16666666666666666,0.5,1.0,-1,-0.6666666666666666,-1,0.6666666666666666,-1,-0.6666666666666666,-1,0.6666666666666666,-1,0.7342705264584592,0.5
51010,Andre Benton,0.6666666666666666,-1,-0.6666666666666666,-1,-0.6666666666666666,-1,0.6666666666666666,-1,0.0,-1,0.5,-1,1.0,-1,-0.3333333333333333,-1,0.5,-1,0.0,-1,0.7142857142857143,-1,-0.3333333333333333,-1,0.7142857142857143,-1,-0.5,-1,0.6666666666666666,-1,-0.3333333333333333,-1,0.6666666666666666,-1,0.7762402898581264,
62769,Andre Benton,0.6666666666666666,-1,-0.16666666666666666,0.0,-0.6666666666666666,-1,0.3333333333333333,-1,0.16666666666666666,-1,0.5,-1,1.0,-1,0.16666666666666666,-1,0.625,-1,0.0,1.0,0.7142857142857143,-1,0.0,1.247219128924647,1.0,-1,0.0,1.0897247358851685,0.6666666666666666,-1,0.16666666666666666,1.0954451150103321,0.6666666666666666,-1,0.6803441224454629,0.8864777959640296
47207,Andre Benton,0.3333333333333333,-1,-0.6666666666666666,-1,-0.6666666666666666,-1,0.6666666666666666,2.0,0.0,2.0,0.5,-1,1.0,-1,-0.3333333333333333,-1,0.5,1.8856180831641267,-0.3333333333333333,-1,0.42857142857142855,-1,0.0,-1,1.0,-1,-0.3333333333333333,1.5,0.6666666666666666,2.0,-0.6666666666666666,2.0,1.0,-1,0.7137396964295313,1.8976030138606879
8035,Andre Benton,0.6666666666666666,-1,-0.6666666666666666,-1,-0.6666666666666666,-1,0.3333333333333333,-1,0.0,-1,0.5,-1,1.0,-1,-0.3333333333333333,-1,0.75,-1,0.0,-1,0.7142857142857143,-1,-0.3333333333333333,-1,1.0,-1,-0.5,-1,0.6666666666666666,-1,-0.6666666666666666,-1,0.6666666666666666,-1,0.7230378317262408,
8546,Andre Benton,0.6666666666666666,-1,-0.6666666666666666,-1,-0.6666666666666666,-1,0.3333333333333333,-1,0.0,-1,0.5,-1,1.0,-1,-0.16666666666666666,1.5,0.75,-1,0.0,-1,0.7142857142857143,-1,0.0,-1,1.0,-1,-0.6666666666666666,-1,0.6666666666666666,-1,-0.3333333333333333,-1,0.6666666666666666,-1,0.7342705264584591,1.5
9332,Andre Benton,0.6666666666666666,-1,0.0,0.0,-0.5,-1,0.3333333333333333,-1,-0.5,0.5,0.375,-1,1.0,-1,0.0,1.4142135623730951,0.75,-1,0.3333333333333333,-1,0.7142857142857143,-1,0.3333333333333333,0.0,1.0,-1,-0.3333333333333333,0.9428090415820634,0.3333333333333333,-1,-0.5,1.699673171197595,0.5,-1,0.7265731800352809,0.7594492958587923
,Tiffany Pham,0.0,-1,-0.3333333333333333,-1,-1.0,-1,0.6666666666666666,-1,0.3333333333333333,-1,0.25,-1,1.0,-1,-0.3333333333333333,-1,1.0,-1,-0.3333333333333333,-1,0.42857142857142855,-1,0.6666666666666666,-1,1.0,-1,-1.0,-1,1.0,-1,-0.3333333333333333,-1,0.6666666666666666,-1,0.5777568779333654,
63905,Tiffany Pham,0.0,-1,-0.3333333333333333,2.0,-1.0,-1,0.6666666666666666,-1,0.3333333333333333,-1,0.25,-1,1.0,-1,0.0,-1,0.75,-1,-0.6666666666666666,-1,0.14285714285714285,-1,0.6666666666666666,2.0,1.0,-1,-0.3333333333333333,0.0,0.6666666666666666,-1,-0.6666666666666666,-1,1.0,-1,0.6573314158926252,1.3333333333333333
48321,Tiffany Pham,0.0,-1,0.6666666666666666,0.0,-1.0,-1,0.6666666666666666,2.0,0.6666666666666666,-1,0.25,-1,1.0,-1,0.0,-1,1.0,-1,0.0,-1,0.42857142857142855,-1,0.6666666666666666,-1,1.0,-1,-0.6666666666666666,-1,0.6666666666666666,-1,-0.3333333333333333,2.0,1.0,-1,0.6050999256493381,1.3333333333333333
1897,Tiffany Pham,-0.3333333333333333,-1,-0.3333333333333333,-1,-1.0,-1,0.6666666666666666,-1,0.3333333333333333,-1,0.25,-1,1.0,-1,-0.3333333333333333,-1,1.0,-1,-0.3333333333333333,-1,0.42857142857142855,-1,1.0,-1,1.0,-1,-0.6666666666666666,-1,1.0,-1,-0.3333333333333333,-1,0.6666666666666666,-1,0.5743927039087808,
2509,Tiffany Pham,0.0,-1,-0.3333333333333333,-1,-1.0,-1,1.0,-1,0.3333333333333333,-1,0.5,-1,1.0,-1,-0.3333333333333333,2.0,0.75,-1,-0.3333333333333333,-1,0.42857142857142855,-1,1.0,-1,1.0,-1,-1.0,-1,0.3333333333333333,0.0,-0.3333333333333333,-1,0.6666666666666666,-1,0.5784224339087145,1.0
60312,Tiffany Pham,0.0,-1,0.0,1.247219128924647,-0.6666666666666666,0.0,0.6666666666666666,2.0,0.16666666666666666,-1,0.5,-1,1.0,-1,-1.0,0.0,1.0,-1,0.0,1.8856180831641267,0.42857142857142855,-1,0.5,1.699673171197595,1.0,-1,-0.16666666666666666,0.4714045207910317,0.3333333333333333,0.0,-0.3333333333333333,2.0,1.0,-1,0.6027780020947047,1.0337683226752667
7754,Tiffany Pham,-0.3333333333333333,1.2,0.0,0.9428090415820634,-0.16666666666666666,0.0,0.0,0.7453559924999298,0.0,0.9428090415820634,0.125,1.165922381636102,0.0,0.0,-0.16666666666666666,1.2133516482134197,0.0,0.0,0.0,0.9428090415820634,-0.14285714285714285,0.7453559924999298,0.0,0.7453559924999298,-0.14285714285714285,0.3499271061118826,-0.16666666666666666,0.0,0.0,0.0,0.0,0.9428090415820634,0.0,0.7453559924999298,0.1541183315086921,0.6283447807229045
49202,Tiffany Pham,0.0,-1,0.0,1.8856180831641267,-1.0,-1,0.6666666666666666,-1,0.3333333333333333,-1,0.0,-1,1.0,-1,0.0,-1,1.0,-1,-0.3333333333333333,-1,0.42857142857142855,-1,0.6666666666666666,-1,1.0,-1,-0.6666666666666666,-1,1.0,-1,-0.3333333333333333,-1,0.6666666666666666,-1,0.6301975880971271,1.8856180831641267
2246,Tiffany Pham,-0.3333333333333333,-1,-0.3333333333333333,2.0,-1.0,-1,1.0,-1,0.3333333333333333,-1,0.25,-1,1.0,-1,0.0,-1,0.75,-1,-0.3333333333333333,-1,0.42857142857142855,-1,0.6666666666666666,-1,1.0,-1,-1.0,-1,0.8333333333333334,-1,-0.6666666666666666,-1,1.0,-1,0.5392833949883136,2.0
13033,Tiffany Pham,0.0,-1,0.0,0.0,-1.0,-1,0.0,1.224744871391589,0.16666666666666666,-1,0.375,-1,1.0,-1,-0.5,1.5,0.625,0.5,-0.6666666666666666,1.5,0.14285714285714285,0.0,0.6666666666666666,-1,0.5714285714285714,0.5,-0.3333333333333333,0.4714045207910317,0.16666666666666666,0.4330127018922193,0.0,1.5,0.8333333333333334,-1,0.6615947327509204,0.7629162094074841
58305,Tiffany Pham,-0.3333333333333333,-1,-0.6666666666666666,-1,-1.0,-1,1.0,-1,0.3333333333333333,-1,0.25,-1,1.0,-1,0.0,-1,1.0,-1,-0.3333333333333333,-1,0.7142857142857143,-1,0.6666666666666666,-1,1.0,-1,-1.0,-1,1.0,-1,-0.6666666666666666,-1,0.6666666666666666,-1,0.4987030084424428,
41929,Tiffany Pham,0.3333333333333333,-1,0.0,-1,-1.0,-1,0.6666666666666666,-1,0.3333333333333333,-1,0.25,-1,1.0,-1,0.0,-1,0.75,-1,-0.3333333333333333,-1,0.42857142857142855,-1,0.6666666666666666,-1,1.0,-1,-0.6666666666666666,-1,1.0,-1,-0.3333333333333333,-1,1.0,-1,0.6200291594736056,
20141,Tiffany Pham,0.3333333333333333,-1,0.0,-1,-0.6666666666666666,-1,0.6666666666666666,-1,0.5,-1,0.25,-1,1.0,-1,0.0,1.8856180831641267,0.75,-1,0.3333333333333333,0.0,0.14285714285714285,-1,0.6666666666666666,2.0,0.7142857142857143,-1,-0.5,0.5,0.6666666666666666,-1,-0.3333333333333333,2.0,0.6666666666666666,-1,0.7883537361206082,1.2771236166328255
12477,Tiffany Pham,0.0,-1,0.0,-1,-1.0,-1,0.6666666666666666,-1,0.3333333333333333,-1,0.25,-1,1.0,-1,0.0,-1,1.0,-1,-0.3333333333333333,-1,0.42857142857142855,-1,1.0,-1,1.0,-1,-0.6666666666666666,-1,1.0,-1,-0.3333333333333333,-1,0.6666666666666666,-1,0.5844852259825344,
54606,Tiffany Pham,-0.3333333333333333,-1,0.0,-1,-1.0,-1,0.6666666666666666,-1,0.3333333333333333,-1,0.5,-1,1.0,-1,0.0,-1,1.0,-1,-0.3333333333333333,-1,0.42857142857142855,-1,1.0,-1,1.0,-1,-0.6666666666666666,-1,1.0,-1,-0.6666666666666666,-1,0.6666666666666666,-1,0.563493200084447,
21347,Tiffany Pham,-0.3333333333333333,-1,0.0,-1,-1.0,-1,0.6666666666666666,-1,0.6666666666666666,-1,0.25,-1,1.0,-1,0.0,-1,1.0,-1,-0.3333333333333333,-1,0.42857142857142855,-1,1.0,-1,1.0,-1,-1.0,-1,1.0,-1,-0.3333333333333333,-1,0.6666666666666666,-1,0.5256616965707697,
4305,Tiffany Pham,0.0,-1,0.0,-1,-1.0,-1,0.6666666666666666,-1,0.5,1.699673171197595,0.25,-1,1.0,-1,-0.6666666666666666,1.8856180831641267,1.0,-1,-1.0,0.0,0.14285714285714285,-1,0.16666666666666666,0.5,0.7142857142857143,-1,-1.0,-1,0.3333333333333333,0.0,-0.3333333333333333,2.0,1.0,-1,0.5703213834842422,1.014215209060287
30919,Tiffany Pham,-0.3333333333333333,-1,0.0,-1,-1.0,-1,-0.3333333333333333,0.0,0.0,-1,0.25,-1,1.0,-1,0.0,-1,1.0,-1,-0.5,1.5,0.42857142857142855,-1,1.0,-1,1.0,-1,-0.3333333333333333,0.0,0.6666666666666666,-1,-0.3333333333333333,2.0,1.0,-1,0.5971828537712507,0.875
34598,Tiffany Pham,-0.3333333333333333,-1,0.0,1.8856180831641267,-1.0,-1,0.6666666666666666,-1,0.3333333333333333,-1,0.25,-1,1.0,-1,-0.3333333333333333,-1,1.0,-1,-0.3333333333333333,-1,0.42857142857142855,-1,1.0,-1,1.0,-1,-1.0,-1,1.0,-1,-0.3333333333333333,-1,0.6666666666666666,-1,0.5339124077863107,1.8856180831641267
51010,Tiffany Pham,0.0,-1,0.0,-1,-1.0,-1,1.0,-1,0.5,-1,0.25,-1,1.0,-1,0.0,-1,1.0,-1,-0.3333333333333333,-1,0.42857142857142855,-1,0.6666666666666666,-1,0.7142857142857143,-1,-1.0,-1,1.0,-1,-0.3333333333333333,-1,1.0,-1,0.5274320378335824,
62769,Tiffany Pham,-0.3333333333333333,-1,0.3333333333333333,0.9797958971132713,-1.0,-1,0.6666666666666666,-1,0.6666666666666666,0.0,0.25,-1,1.0,-1,0.16666666666666666,0.5,1.0,-1,-0.16666666666666666,0.9428090415820634,0.2857142857142857,-1,0.5,-1,0.8571428571428571,-1,-0.6666666666666666,-1,0.3333333333333333,0.0,-0.16666666666666666,1.5,0.6666666666666666,-1,0.590464465790891,0.6537674897825557
47207,Tiffany Pham,0.0,-1,0.0,-1,-1.0,-1,0.6666666666666666,-1,0.0,-1,0.25,-1,1.0,-1,0.3333333333333333,0.0,0.75,-1,-0.6666666666666666,-1,0.14285714285714285,-1,1.0,-1,0.7142857142857143,-1,-0.6666666666666666,-1,0.5,0.5,-0.6666666666666666,-1,1.0,-1,0.6474868719153124,0.25
8035,Tiffany Pham,-0.3333333333333333,-1,0.0,-1,-1.0,-1,0.6666666666666666,-1,0.3333333333333333,-1,0.25,-1,1.0,-1,-0.3333333333333333,-1,1.0,-1,-0.3333333333333333,-1,0.42857142857142855,-1,1.0,-1,1.0,-1,-0.6666666666666666,-1,1.0,-1,-0.3333333333333333,-1,0.6666666666666666,-1,0.5777568779333653,
8546,Tiffany Pham,0.0,-1,0.0,-1,-0.6666666666666666,-1,0.6666666666666666,-1,0.3333333333333333,-1,0.25,-1,1.0,-1,0.0,-1,1.0,-1,-0.3333333333333333,-1,0.42857142857142855,-1,0.6666666666666666,-1,0.7142857142857143,-1,-0.6666666666666666,-1,0.6666666666666666,-1,-0.6666666666666666,-1,0.6666666666666666,-1,0.745571646020265,
9332,Tiffany Pham,0.0,-1,0.0,-1,-1.0,-1,0.16666666666666666,0.5,0.3333333333333333,-1,0.375,-1,0.5,0.5,-0.3333333333333333,2.0,1.0,-1,-0.3333333333333333,-1,0.42857142857142855,-1,0.8333333333333334,1.5,0.7142857142857143,0.0,-0.6666666666666666,0.0,0.8333333333333334,-1,0.16666666666666666,0.5,1.0,-1,0.6362484628813313,0.7142857142857143
,John Scott,0.6666666666666666,-1,-0.3333333333333333,-1,-0.3333333333333333,-1,1.0,-1,0.0,-1,0.5,-1,1.0,-1,-0.6666666666666666,-1,0.75,-1,0.3333333333333333,-1,1.0,-1,0.3333333333333333,-1,0.7142857142857143,-1,-0.6666666666666666,-1,0.6666666666666666,-1,-0.3333333333333333,-1,1.0,-1,0.6425168600990816,
63905,John Scott,0.6666666666666666,-1,-0.3333333333333333,-1,-0.3333333333333333,-1,1.0,-1,0.0,-1,0.5,-1,1.0,-1,-0.16666666666666666,0.5,0.75,-1,0.16666666666666666,-1,1.0,-1,0.6666666666666666,-1,0.42857142857142855,-1,-0.6666666666666666,-1,-0.3333333333333333,0.0,0.0,-1,1.0,-1,0.664148304259607,0.25
48321,John Scott,0.6666666666666666,-1,-0.3333333333333333,2.0,-0.3333333333333333,-1,1.0,-1,0.0,-1,0.5,-1,1.0,-1,-0.6666666666666666,-1,0.75,-1,0.3333333333333333,-1,1.0,-1,0.3333333333333333,-1,0.7142857142857143,-1,-1.0,-1,-0.3333333333333333,0.0,1.0,0.0,1.0,-1,0.5548279198049721,0.6666666666666666
1897,John Scott,0.6666666666666666,-1,-0.3333333333333333,-1,-0.3333333333333333,-1,1.0,-1,0.0,-1,0.5,-1,1.0,-1,-0.3333333333333333,-1,0.5,-1,0.0,-1,1.0,-1,0.3333333333333333,-1,0.7142857142857143,-1,-0.6666666666666666,-1,0.6666666666666666,-1,-0.3333333333333333,-1,1.0,-1,0.6695304826589852,
2509,John Scott,0.3333333333333333,-1,-0.16666666666666666,-1,-0.3333333333333333,-1,1.0,-1,0.0,-1,0.5,-1,1.0,-1,-0.16666666666666666,0.5,0.5,-1,0.0,-1,1.0,-1,0.3333333333333333,-1,1.0,-1,-0.8333333333333334,1.5,0.0,0.0,-0.16666666666666666,-1,1.0,-1,0.6250434313018991,0.6666666666666666
60312,John Scott,0.6666666666666666,-1,0.0,-1,-0.16666666666666666,-1,0.6666666666666666,-1,0.0,-1,0.5,-1,0.6666666666666666,-1,0.0,0.0,0.375,0.5,0.0,1.247219128924647,1.0,-1,0.3333333333333333,-1,0.7142857142857143,-1,-1.0,-1,0.3333333333333333,1.8856180831641267,0.16666666666666666,1.6393596310755,1.0,-1,0.7150631775506752,1.0544393686328548
7754,John Scott,0.0,0.7453559924999298,-0.16666666666666666,0.9797958971132713,0.0,0.9428090415820634,0.0,0.0,-0.3333333333333333,0.8660254037844386,0.125,0.9035079029052513,0.0,0.0,-0.16666666666666666,0.8000000000000002,-0.125,0.7806247497997998,0.0,0.9428090415820634,0.0,0.0,0.0,0.9428090415820634,0.0,0.6998542122237652,0.0,0.7453559924999298,0.0,0.7453559924999298,0.0,0.9428090415820634,0.0,0.0,0.11048225535630056,0.6492419005679159
49202,John Scott,0.6666666666666666,-1,0.0,-1,-0.3333333333333333,-1,1.0,-1,0.0,-1,0.5,-1,1.0,-1,-0.5,-1,0.75,-1,0.3333333333333333,-1,1.0,-1,0.6666666666666666,-1,0.42857142857142855,-1,-0.5,-1,1.0,-1,-0.3333333333333333,-1,1.0,-1,0.6045667926972844,
2246,John Scott,0.3333333333333333,-1,-0.3333333333333333,-1,-0.3333333333333333,-1,1.0,-1,0.0,-1,0.5,-1,1.0,-1,-0.3333333333333333,-1,0.5,-1,0.3333333333333333,-1,1.0,-1,0.3333333333333333,-1,1.0,-1,-0.6666666666666666,-1,0.5,-1,-0.3333333333333333,-1,1.0,-1,0.6376960415864249,
13033,John Scott,0.5,-1,-0.16666666666666666,0.9428090415820634,0.0,1.247219128924647,0.6666666666666666,0.0,0.3333333333333333,-1,0.375,-1,0.3333333333333333,0.4714045207910317,-0.3333333333333333,0.0,0.375,1.0897247358851685,-0.16666666666666666,0.5,1.0,-1,0.3333333333333333,-1,0.7142857142857143,2.0,-0.3333333333333333,1.247219128924647,0.5,1.299038105676658,0.3333333333333333,0.4714045207910317,0.3333333333333333,0.4714045207910317,0.7059738285075402,0.8116853086138566
58305,John Scott,0.6666666666666666,-1,-0.3333333333333333,-1,-0.3333333333333333,-1,1.0,-1,0.0,-1,0.5,-1,1.0,-1,-0.3333333333333333,-1,0.75,-1,0.0,-1,1.0,-1,0.3333333333333333,-1,0.42857142857142855,-1,-0.5,-1,0.6666666666666666,-1,0.0,-1,1.0,-1,0.6739224648005838,
41929,John Scott,0.6666666666666666,-1,-0.3333333333333333,-1,0.0,-1,1.0,-1,0.0,-1,0.5,-1,1.0,-1,-0.6666666666666666,-1,0.5,-1,0.0,-1,1.0,-1,0.6666666666666666,-1,0.7142857142857143,-1,-0.6666666666666666,-1,0.6666666666666666,-1,-0.3333333333333333,-1,1.0,-1,0.6496648862033187,
20141,John Scott,0.6666666666666666,-1,0.0,-1,-0.3333333333333333,-1,1.0,-1,-0.16666666666666666,-1,0.375,-1,0.6666666666666666,-1,-0.3333333333333333,-1,0.5,-1,0.3333333333333333,2.0,1.0,-1,0.6666666666666666,-1,1.0,-1,-1.0,-1,0.16666666666666666,1.4142135623730951,0.0,1.8856180831641267,1.0,-1,0.6225018980465912,1.766610548512407
12477,John Scott,0.6666666666666666,-1,-0.3333333333333333,-1,-0.3333333333333333,-1,1.0,-1,0.0,-1,0.5,-1,1.0,-1,-0.6666666666666666,-1,0.75,-1,0.3333333333333333,-1,1.0,-1,0.3333333333333333,-1,0.7142857142857143,-1,-0.6666666666666666,-1,0.6666666666666666,-1,-0.3333333333333333,-1,1.0,-1,0.6425168600990816,
54606,John Scott,0.6666666666666666,-1,-0.3333333333333333,-1,-0.3333333333333333,-1,1.0,-1,0.0,-1,0.5,-1,1.0,-1,-0.6666666666666666,-1,0.5,-1,0.3333333333333333,-1,1.0,-1,0.3333333333333333,-1,0.42857142857142855,-1,-0.6666666666666666,-1,0.6666666666666666,-1,0.0,-1,1.0,-1,0.6698952262824766,
21347,John Scott,0.6666666666666666,-1,-0.3333333333333333,-1,-0.3333333333333333,-1,1.0,-1,0.0,-1,0.5,-1,1.0,-1,-0.3333333333333333,-1,0.75,-1,0.3333333333333333,-1,1.0,-1,0.3333333333333333,-1,0.7142857142857143,-1,-0.5,-1,0.6666666666666666,-1,0.0,-1,1.0,-1,0.6585786619123823,
4305,John Scott,0.6666666666666666,-1,0.3333333333333333,0.0,0.0,-1,1.0,-1,0.5,0.5,0.5,-1,0.6666666666666666,-1,-0.6666666666666666,-1,0.5,-1,0.16666666666666666,0.9428090415820634,1.0,-1,0.3333333333333333,2.0,0.7142857142857143,-1,-1.0,-1,0.6666666666666666,2.0,-0.3333333333333333,2.0,1.0,-1,0.6289825294882825,1.2404681735970107
30919,John Scott,0.3333333333333333,-1,0.0,-1,-0.3333333333333333,-1,1.0,-1,0.0,-1,0.5,-1,0.8333333333333334,-1,0.0,0.0,0.25,0.0,-0.16666666666666666,0.5,1.0,-1,0.5,1.5,0.7142857142857143,-1,-1.0,-1,0.5,1.699673171197595,0.3333333333333333,0.0,1.0,-1,0.6564872513567006,0.6166121951995992
34598,John Scott,0.6666666666666666,-1,-0.3333333333333333,-1,0.0,-1,1.0,-1,0.0,-1,0.5,-1,1.0,-1,-0.6666666666666666,-1,0.5,-1,0.3333333333333333,-1,1.0,-1,0.3333333333333333,-1,0.7142857142857143,-1,-0.6666666666666666,-1,0.6666666666666666,-1,-0.3333333333333333,-1,1.0,-1,0.6579155974188597,
51010,John Scott,0.6666666666666666,-1,-0.3333333333333333,-1,-0.3333333333333333,-1,1.0,-1,0.3333333333333333,-1,0.5,-1,1.0,-1,-0.6666666666666666,-1,0.75,-1,0.3333333333333333,-1,1.0,-1,0.6666666666666666,-1,0.7142857142857143,-1,-0.5,-1,0.6666666666666666,-1,-0.3333333333333333,-1,1.0,-1,0.6286205433829624,
62769,John Scott,0.6666666666666666,-1,-0.5,0.9428090415820634,-0.3333333333333333,-1,1.0,-1,0.16666666666666666,-1,0.5,-1,0.8333333333333334,-1,-0.5,0.9428090415820634,0.5,-1,0.16666666666666666,0.9428090415820634,1.0,-1,0.0,-1,0.8571428571428571,-1,0.0,0.0,0.3333333333333333,1.247219128924647,0.3333333333333333,0.0,1.0,-1,0.5878263521221391,0.6792743756118061
47207,John Scott,0.6666666666666666,-1,0.0,-1,-0.3333333333333333,-1,1.0,-1,0.3333333333333333,-1,0.5,-1,1.0,-1,-0.6666666666666666,-1,0.0,0.0,0.0,-1,1.0,-1,0.3333333333333333,-1,1.0,-1,-1.0,-1,0.3333333333333333,1.8856180831641267,0.0,1.8856180831641267,1.0,-1,0.5957631503007382,1.2570787221094177
8035,John Scott,0.6666666666666666,-1,-0.3333333333333333,-1,-0.3333333333333333,-1,1.0,-1,0.0,-1,0.5,-1,1.0,-1,-0.6666666666666666,-1,0.75,-1,0.3333333333333333,-1,1.0,-1,0.3333333333333333,-1,0.7142857142857143,-1,-0.6666666666666666,-1,0.6666666666666666,-1,-0.3333333333333333,-1,1.0,-1,0.6425168600990816,
8546,John Scott,0.6666666666666666,-1,0.0,-1,-0.3333333333333333,-1,1.0,-1,0.0,-1,0.5,-1,1.0,-1,-0.6666666666666666,-1,0.75,-1,0.0,-1,1.0,-1,0.3333333333333333,-1,0.42857142857142855,-1,-0.5,-1,0.6666666666666666,-1,0.0,-1,1.0,-1,0.6656717535850428,
9332,John Scott,0.6666666666666666,-1,0.3333333333333333,0.0,-0.5,-1,1.0,-1,0.3333333333333333,-1,0.25,0.0,0.8333333333333334,-1,-0.5,-1,0.375,0.5,0.3333333333333333,-1,1.0,-1,0.3333333333333333,-1,0.7142857142857143,-1,-0.6666666666666666,1.4142135623730951,1.0,-1,0.8333333333333334,0.4330127018922193,0.8333333333333334,-1,0.5893837138166943,0.46944525285306293
,Luis Johnson,0.3333333333333333,-1,0.0,-1,0.0,-1,0.0,-1,-0.3333333333333333,-1,0.75,-1,0.6666666666666666,-1,-0.5,-1,0.5,-1,0.3333333333333333,-1,0.7142857142857143,-1,0.16666666666666666,-1,1.0,-1,-0.6666666666666666,-1,0.6666666666666666,-1,-1.0,-1,1.0,-1,0.7031236841001209,
63905,Luis Johnson,0.6666666666666666,-1,0.3333333333333333,-1,0.0,2.0,0.3333333333333333,-1,0.0,-1,0.75,-1,0.6666666666666666,-1,-0.6666666666666666,-1,0.75,-1,0.3333333333333333,-1,0.7142857142857143,-1,0.3333333333333333,1.5,1.0,-1,-0.3333333333333333,-1,0.6666666666666666,-1,-1.0,-1,1.0,-1,0.6893058262156527,1.75
48321,Luis Johnson,0.3333333333333333,-1,0.0,2.0,0.0,-1,-0.3333333333333333,-1,-0.3333333333333333,-1,0.5,-1,1.0,-1,-0.3333333333333333,-1,0.75,-1,0.0,-1,0.7142857142857143,-1,0.16666666666666666,-1,1.0,-1,-0.6666666666666666,2.0,0.3333333333333333,-1,-0.3333333333333333,0.0,1.0,-1,0.7368855972719066,1.3333333333333333
1897,Luis Johnson,0.3333333333333333,-1,0.0,-1,0.0,-1,0.3333333333333333,-1,-0.3333333333333333,-1,0.75,-1,0.6666666666666666,-1,-0.5,-1,0.5,-1,0.3333333333333333,-1,0.7142857142857143,-1,0.16666666666666666,-1,1.0,-1,-0.6666666666666666,-1,0.6666666666666666,-1,-1.0,-1,1.0,-1,0.6997595100755364,
2509,Luis Johnson,0.6666666666666666,-1,0.3333333333333333,-1,0.0,-1,0.3333333333333333,1.8856180831641267,0.0,-1,1.0,-1,1.0,-1,-0.16666666666666666,0.0,0.5,-1,0.0,1.8856180831641267,0.7142857142857143,-1,0.6666666666666666,1.4142135623730951,0.7142857142857143,-1,-1.0,-1,0.3333333333333333,-1,-0.6666666666666666,-1,1.0,-1,0.6604562587255117,1.296362432175337
60312,Luis Johnson,0.6666666666666666,-1,0.0,-1,-0.3333333333333333,-1,0.6666666666666666,0.0,-0.16666666666666666,-1,0.75,-1,1.0,-1,-0.3333333333333333,-1,0.5,2.0,0.3333333333333333,2.0,0.7142857142857143,-1,0.8333333333333334,1.224744871391589,0.7142857142857143,-1,0.0,1.7320508075688772,1.0,-1,-0.8333333333333334,-1,0.6666666666666666,-1,0.6843853069764574,1.3913591357920931
7754,Luis Johnson,0.0,0.9428090415820634,0.0,1.0,0.16666666666666666,0.9797958971132713,0.0,1.0,0.0,0.9428090415820634,-0.125,0.7806247497997998,0.0,0.7453559924999298,-0.16666666666666666,0.8660254037844386,0.0,0.8660254037844386,0.0,0.9428090415820634,0.0,0.6998542122237652,0.0,0.9797958971132713,-0.2857142857142857,0.45175395145262565,-0.16666666666666666,0.8000000000000002,0.0,0.7453559924999298,0.0,0.0,0.0,0.0,0.11179452082856439,0.7495890955892742
49202,Luis Johnson,0.3333333333333333,-1,0.0,-1,-0.6666666666666666,0.0,0.0,2.0,0.0,-1,0.75,-1,1.0,-1,-0.3333333333333333,-1,0.5,-1,0.3333333333333333,-1,0.7142857142857143,-1,0.3333333333333333,1.5,1.0,-1,-0.3333333333333333,-1,0.6666666666666666,-1,-0.6666666666666666,-1,1.0,-1,0.7047045635354309,1.1666666666666667
2246,Luis Johnson,0.3333333333333333,-1,0.0,2.0,0.0,-1,0.6666666666666666,0.0,-0.3333333333333333,-1,0.75,-1,0.6666666666666666,2.0,-0.6666666666666666,-1,0.5,-1,0.0,-1,0.7142857142857143,-1,0.5,-1,1.0,-1,-0.6666666666666666,-1,0.6666666666666666,-1,-0.3333333333333333,0.0,1.0,-1,0.7380168909909508,1.0
13033,Luis Johnson,0.0,1.247219128924647,0.16666666666666666,1.5,0.0,1.0,0.0,1.5811388300841898,0.0,0.0,0.375,0.5,0.5,0.9428090415820634,-0.5,1.2649110640673518,0.125,0.5,-0.3333333333333333,0.4714045207910317,0.2857142857142857,0.5,0.6666666666666666,1.6393596310755,0.2857142857142857,0.4714045207910317,-0.5,1.699673171197595,0.6666666666666666,1.4142135623730951,-0.6666666666666666,0.0,1.0,-1,0.7003553066833565,0.9207583419304066
58305,Luis Johnson,0.3333333333333333,-1,0.0,-1,0.0,-1,0.0,2.0,-0.3333333333333333,-1,1.0,-1,1.0,-1,-0.6666666666666666,-1,0.5,-1,0.0,-1,0.7142857142857143,-1,0.3333333333333333,-1,1.0,-1,-0.6666666666666666,-1,0.6666666666666666,-1,-0.6666666666666666,-1,1.0,-1,0.6575457448042341,2.0
41929,Luis Johnson,0.3333333333333333,-1,0.0,-1,0.0,-1,0.6666666666666666,0.0,-0.3333333333333333,-1,0.75,-1,1.0,-1,-0.3333333333333333,-1,0.75,-1,0.0,-1,0.7142857142857143,-1,0.0,-1,1.0,-1,-0.3333333333333333,-1,0.6666666666666666,-1,-1.0,-1,1.0,-1,0.6638045893578925,0.0
20141,Luis Johnson,0.6666666666666666,-1,-0.3333333333333333,-1,-0.3333333333333333,-1,0.3333333333333333,-1,-0.3333333333333333,-1,0.75,-1,1.0,-1,-0.6666666666666666,-1,0.25,-1,0.3333333333333333,-1,0.8571428571428571,-1,0.6666666666666666,0.5,1.0,-1,-0.16666666666666666,1.6393596310755,0.5,-1,-0.6666666666666666,-1,1.0,-1,0.6668452960012732,1.06967981553775
12477,Luis Johnson,0.3333333333333333,-1,0.0,-1,0.0,-1,0.0,-1,-0.3333333333333333,-1,1.0,-1,0.6666666666666666,-1,-0.5,-1,0.5,-1,0.0,-1,0.7142857142857143,-1,0.16666666666666666,-1,1.0,-1,-0.6666666666666666,-1,0.6666666666666666,-1,-1.0,-1,1.0,-1,0.6675797506090495,
54606,Luis Johnson,0.3333333333333333,-1,0.16666666666666666,-1,0.0,-1,0.0,-1,-0.3333333333333333,-1,0.75,-1,1.0,-1,-0.3333333333333333,-1,0.5,-1,0.0,-1,0.7142857142857143,-1,0.5,-1,1.0,-1,-0.6666666666666666,-1,0.6666666666666666,-1,-0.3333333333333333,0.0,1.0,-1,0.7147385693402464,0.0
21347,Luis Johnson,0.3333333333333333,-1,0.0,-1,-0.3333333333333333,-1,0.3333333333333333,-1,-0.3333333333333333,-1,1.0,-1,1.0,-1,-0.5,-1,0.5,-1,0.3333333333333333,-1,0.7142857142857143,-1,0.16666666666666666,-1,1.0,-1,-0.6666666666666666,-1,0.6666666666666666,-1,-0.6666666666666666,-1,1.0,-1,0.6574872285352962,
4305,Luis Johnson,0.3333333333333333,-1,0.6666666666666666,0.0,0.0,-1,0.6666666666666666,0.0,0.0,-1,0.75,-1,1.0,-1,-0.5,1.0,0.875,1.4142135623730951,-0.16666666666666666,1.4142135623730951,0.7142857142857143,-1,0.16666666666666666,1.6733200530681511,0.42857142857142855,0.0,-1.0,-1,0.5,-1,-0.6666666666666666,-1,1.0,-1,0.6527632966602082,0.7859638825449059
30919,Luis Johnson,0.3333333333333333,-1,0.3333333333333333,-1,-0.3333333333333333,-1,0.3333333333333333,1.8856180831641267,0.3333333333333333,0.0,0.75,-1,1.0,-1,-0.3333333333333333,-1,0.5,-1,-0.6666666666666666,0.0,0.7142857142857143,-1,0.6666666666666666,1.4142135623730951,1.0,-1,-1.0,-1,0.8333333333333334,-1,-0.3333333333333333,0.0,1.0,-1,0.6288453362410953,0.6599663291074445
34598,Luis Johnson,0.3333333333333333,-1,0.0,-1,0.0,-1,0.0,2.0,-0.3333333333333333,-1,0.75,-1,1.0,-1,-0.16666666666666666,0.0,0.5,-1,0.0,-1,0.7142857142857143,-1,0.5,-1,1.0,-1,-0.3333333333333333,-1,0.6666666666666666,-1,-1.0,-1,1.0,-1,0.6742582732177763,1.0
51010,Luis Johnson,0.3333333333333333,-1,0.0,-1,0.0,-1,0.3333333333333333,-1,-0.3333333333333333,-1,1.0,-1,0.3333333333333333,-1,-0.5,1.0,0.75,-1,0.3333333333333333,-1,0.7142857142857143,-1,0.0,-1,0.42857142857142855,0.0,-0.6666666666666666,-1,0.6666666666666666,-1,-0.6666666666666666,-1,1.0,-1,0.7634515143606615,0.5
62769,Luis Johnson,0.3333333333333333,-1,0.16666666666666666,-1,0.3333333333333333,1.8856180831641267,-0.3333333333333333,1.8856180831641267,-0.16666666666666666,-1,0.75,-1,1.0,-1,0.0,0.0,0.5,-1,-0.3333333333333333,0.9797958971132713,0.2857142857142857,0.5,0.5,-1,0.8571428571428571,-1,-0.16666666666666666,0.5,0.8333333333333334,-1,-0.8333333333333334,-1,1.0,-1,0.6515323616396048,0.9585053439069208
47207,Luis Johnson,0.3333333333333333,-1,0.0,-1,-0.3333333333333333,-1,0.6666666666666666,0.0,0.0,-1,0.5,-1,0.6666666666666666,-1,-0.6666666666666666,-1,0.0,0.0,0.0,-1,0.7142857142857143,-1,0.3333333333333333,1.5,0.7142857142857143,-1,-0.3333333333333333,-1,0.0,0.0,-0.6666666666666666,-1,1.0,-1,0.8246114096799966,0.375
8035,Luis Johnson,0.3333333333333333,-1,0.0,-1,0.0,-1,0.0,2.0,-0.3333333333333333,-1,0.75,-1,0.6666666666666666,-1,-0.5,-1,0.5,-1,0.0,-1,0.7142857142857143,-1,0.16666666666666666,-1,1.0,-1,-0.6666666666666666,-1,0.6666666666666666,-1,-1.0,-1,1.0,-1,0.7064878581247055,2.0
8546,Luis Johnson,0.3333333333333333,-1,0.3333333333333333,-1,0.0,-1,-0.3333333333333333,1.8856180831641267,-0.3333333333333333,-1,1.0,-1,1.0,-1,-0.5,1.0,0.25,-1,0.0,-1,0.7142857142857143,-1,0.0,-1,0.7142857142857143,-1,-0.6666666666666666,-1,0.6666666666666666,-1,-0.3333333333333333,0.0,1.0,-1,0.7256749452785608,0.9618726943880422
9332,Luis Johnson,0.6666666666666666,0.0,-0.16666666666666666,-1,-0.16666666666666666,-1,0.3333333333333333,-1,-0.3333333333333333,-1,0.625,-1,0.8333333333333334,1.5,-0.16666666666666666,0.0,0.5,-1,0.5,-1,0.5714285714285714,-1,0.3333333333333333,1.5,0.42857142857142855,0.4714045207910317,-0.6666666666666666,1.4142135623730951,0.6666666666666666,-1,-0.8333333333333334,-1,0.5,0.5,0.7237330238101611,0.7693740118805896
,Nicholas Smith,-0.3333333333333333,-1,0.3333333333333333,-1,-0.6666666666666666,-1,0.6666666666666666,-1,0.0,-1,0.5,-1,1.0,-1,0.0,-1,0.25,-1,0.0,-1,0.7142857142857143,-1,0.6666666666666666,-1,0.7142857142857143,-1,-0.6666666666666666,-1,1.0,-1,-0.3333333333333333,-1,1.0,-1,0.7084606329135137,
63905,Nicholas Smith,0.3333333333333333,0.0,0.3333333333333333,-1,-0.6666666666666666,-1,0.6666666666666666,2.0,0.0,-1,0.25,-1,1.0,-1,0.0,-1,0.5,-1,0.0,-1,0.7142857142857143,-1,0.6666666666666666,2.0,0.7142857142857143,-1,-1.0,-1,0.3333333333333333,0.0,-0.6666666666666666,1.8856180831641267,1.0,-1,0.7084606329135137,1.1771236166328254
48321,Nicholas Smith,0.0,-1,0.3333333333333333,-1,-0.6666666666666666,-1,1.0,-1,0.0,-1,0.25,-1,1.0,-1,0.3333333333333333,1.8856180831641267,0.25,-1,0.0,-1,0.7142857142857143,-1,0.16666666666666666,0.5,1.0,-1,-0.6666666666666666,-1,0.0,0.0,-0.6666666666666666,1.8856180831641267,1.0,-1,0.6856211419910082,1.0678090415820634
1897,Nicholas Smith,0.0,-1,0.3333333333333333,-1,-0.6666666666666666,-1,0.6666666666666666,-1,0.0,-1,0.5,-1,1.0,-1,0.0,-1,0.25,-1,0.0,-1,0.7142857142857143,-1,0.6666666666666666,-1,0.7142857142857143,-1,-0.6666666666666666,-1,1.0,-1,-0.6666666666666666,-1,1.0,-1,0.7002099216979727,
2509,Nicholas Smith,-0.3333333333333333,-1,0.3333333333333333,-1,-0.6666666666666666,-1,0.6666666666666666,-1,0.3333333333333333,-1,0.25,-1,1.0,-1,0.0,-1,0.0,-1,0.0,-1,0.7142857142857143,-1,0.0,0.0,1.0,-1,-0.6666666666666666,-1,0.6666666666666666,-1,-1.0,0.0,1.0,-1,0.675173596677737,0.0
60312,Nicholas Smith,-0.3333333333333333,-1,0.0,-1,-0.6666666666666666,-1,0.3333333333333333,-1,-0.16666666666666666,1.5,0.5,-1,1.0,-1,0.0,-1,0.375,1.7853571071357126,0.3333333333333333,-1,0.7142857142857143,-1,0.5,-1,0.7142857142857143,-1,-1.0,-1,0.6666666666666666,-1,0.0,1.8856180831641267,1.0,-1,0.7119482262770513,1.723658396766613
7754,Nicholas Smith,0.0,0.9428090415820634,0.0,0.9428090415820634,0.0,0.7453559924999298,0.0,0.7453559924999298,0.0,1.0,0.0,0.7453559924999298,0.0,0.0,-0.16666666666666666,1.2133516482134197,-0.125,1.1110243021644486,0.0,1.0,0.0,0.6998542122237653,-0.16666666666666666,0.8975274678557507,0.0,0.6998542122237652,0.0,0.7453559924999298,0.0,0.0,0.0,0.9428090415820634,0.0,0.0,0.09271028861076494,0.7312625257310035
49202,Nicholas Smith,-0.3333333333333333,-1,0.3333333333333333,-1,-0.6666666666666666,-1,1.0,-1,0.0,-1,0.5,-1,1.0,-1,0.3333333333333333,-1,0.25,-1,0.0,-1,0.7142857142857143,-1,0.0,0.0,0.7142857142857143,-1,-0.6666666666666666,-1,1.0,-1,-1.0,0.0,1.0,-1,0.6207716926194043,0.0
2246,Nicholas Smith,-0.3333333333333333,-1,0.3333333333333333,-1,-0.6666666666666666,-1,1.0,-1,0.0,-1,0.25,-1,1.0,-1,0.0,-1,0.25,-1,0.0,-1,0.7142857142857143,-1,-0.3333333333333333,0.0,1.0,-1,-1.0,-1,0.8333333333333334,-1,-0.6666666666666666,1.8856180831641267,1.0,-1,0.607538999489617,0.9428090415820634
13033,Nicholas Smith,-0.6666666666666666,-1,0.16666666666666666,0.9428090415820634,-0.6666666666666666,-1,0.6666666666666666,2.0,0.0,-1,0.625,0.9428090415820634,0.5,0.5,-0.16666666666666666,1.5,0.0,1.247219128924647,0.0,1.0,0.42857142857142855,0.8660254037844386,0.16666666666666666,0.5,0.8571428571428571,1.5,-0.8333333333333334,-1,0.3333333333333333,0.4714045207910317,-0.5,1.5,0.8333333333333334,-1,0.691058121717926,1.0808555947220204
58305,Nicholas Smith,0.0,-1,0.3333333333333333,-1,-0.6666666666666666,-1,1.0,-1,0.0,-1,0.5,-1,1.0,-1,0.0,-1,0.25,-1,0.0,-1,0.7142857142857143,-1,0.0,0.0,0.7142857142857143,-1,-1.0,-1,1.0,-1,-1.0,0.0,1.0,-1,0.5836555705215186,0.0
41929,Nicholas Smith,-0.3333333333333333,-1,0.3333333333333333,-1,-0.6666666666666666,-1,0.3333333333333333,-1,0.3333333333333333,-1,0.5,-1,1.0,-1,0.0,-1,0.5,-1,0.0,-1,0.7142857142857143,-1,0.3333333333333333,-1,1.0,-1,-1.0,-1,1.0,-1,-1.0,0.0,1.0,-1,0.5818415423648758,0.0
20141,Nicholas Smith,0.0,-1,0.0,-1,-0.6666666666666666,-1,0.3333333333333333,1.8856180831641267,-0.3333333333333333,-1,0.5,-1,1.0,-1,0.0,2.0,0.0,-1,0.3333333333333333,-1,0.7142857142857143,-1,0.3333333333333333,-1,1.0,-1,-0.6666666666666666,-1,0.8333333333333334,-1,-1.0,0.0,0.6666666666666666,-1,0.7026977503580124,1.2952060277213755
12477,Nicholas Smith,-0.3333333333333333,-1,0.3333333333333333,-1,-0.6666666666666666,-1,1.0,-1,0.0,-1,0.5,-1,1.0,-1,0.0,-1,0.25,-1,0.0,-1,0.7142857142857143,-1,0.6666666666666666,-1,1.0,-1,-0.6666666666666666,-1,1.0,-1,-0.6666666666666666,-1,1.0,-1,0.6118333826896415,
54606,Nicholas Smith,0.0,-1,0.0,-1,-0.6666666666666666,-1,0.6666666666666666,-1,0.3333333333333333,-1,0.5,-1,1.0,-1,0.0,-1,0.25,-1,0.0,-1,0.7142857142857143,-1,0.6666666666666666,-1,1.0,-1,-0.6666666666666666,-1,1.0,-1,-0.6666666666666666,-1,1.0,-1,0.6590420268612805,
21347,Nicholas Smith,0.0,-1,0.3333333333333333,-1,-0.6666666666666666,-1,1.0,-1,0.0,-1,0.5,-1,1.0,-1,0.0,-1,0.25,-1,0.0,-1,0.7142857142857143,-1,0.3333333333333333,-1,0.7142857142857143,-1,-0.6666666666666666,-1,1.0,-1,-0.3333333333333333,-1,1.0,-1,0.6795952220311691,
4305,Nicholas Smith,-0.3333333333333333,-1,0.3333333333333333,2.0,-0.6666666666666666,-1,0.6666666666666666,2.0,0.0,-1,0.5,-1,0.6666666666666666,-1,0.0,-1,0.0,1.8856180831641267,-0.16666666666666666,1.5,0.7142857142857143,-1,0.5,1.699673171197595,1.0,-1,-1.0,-1,0.3333333333333333,0.0,-0.6666666666666666,-1,1.0,-1,0.7080600467315198,1.5142152090602872
30919,Nicholas Smith,0.16666666666666666,0.5,0.3333333333333333,-1,-0.6666666666666666,-1,0.3333333333333333,-1,0.0,-1,0.5,-1,1.0,-1,-0.3333333333333333,-1,0.0,-1,-1.0,0.0,0.7142857142857143,-1,0.6666666666666666,2.0,1.0,-1,-0.6666666666666666,2.0,0.5,0.5,-0.6666666666666666,1.8856180831641267,1.0,-1,0.6492365173197552,1.1476030138606879
34598,Nicholas Smith,0.0,-1,0.3333333333333333,-1,-0.6666666666666666,-1,1.0,-1,0.0,-1,0.5,-1,1.0,-1,0.0,-1,0.25,-1,0.0,-1,0.7142857142857143,-1,0.6666666666666666,-1,0.7142857142857143,-1,-0.6666666666666666,-1,1.0,-1,-0.3333333333333333,-1,1.0,-1,0.6679803367910435,
51010,Nicholas Smith,-0.3333333333333333,-1,0.3333333333333333,-1,-0.6666666666666666,-1,1.0,-1,0.0,-1,0.5,-1,1.0,-1,-0.3333333333333333,-1,0.25,-1,0.3333333333333333,-1,0.7142857142857143,-1,0.16666666666666666,0.5,0.42857142857142855,-1,-1.0,-1,0.6666666666666666,-1,-0.6666666666666666,-1,1.0,-1,0.6672038215970061,0.5
62769,Nicholas Smith,0.0,0.0,0.16666666666666666,-1,-0.6666666666666666,-1,0.5,-1,0.0,-1,0.625,-1,1.0,-1,0.0,-1,0.5,-1,0.0,1.0,0.7142857142857143,-1,0.6666666666666666,-1,1.0,-1,-0.6666666666666666,-1,0.16666666666666666,0.4714045207910317,-0.3333333333333333,1.0,1.0,-1,0.6585846195892061,0.617851130197758
47207,Nicholas Smith,-0.6666666666666666,-1,0.3333333333333333,-1,-0.6666666666666666,-1,0.6666666666666666,2.0,-0.3333333333333333,-1,0.25,-1,1.0,-1,0.0,-1,0.5,-1,-0.6666666666666666,0.0,0.7142857142857143,-1,0.3333333333333333,-1,0.7142857142857143,2.0,-0.6666666666666666,-1,0.3333333333333333,0.0,-0.6666666666666666,-1,1.0,-1,0.7339618697712738,1.0
8035,Nicholas Smith,-0.3333333333333333,-1,0.3333333333333333,-1,-0.6666666666666666,-1,0.6666666666666666,-1,0.0,-1,0.5,-1,1.0,-1,0.0,-1,0.25,-1,0.0,-1,0.7142857142857143,-1,0.6666666666666666,-1,1.0,-1,-0.6666666666666666,-1,1.0,-1,-0.3333333333333333,-1,1.0,-1,0.6672927380768217,
8546,Nicholas Smith,-0.3333333333333333,-1,0.3333333333333333,-1,-0.6666666666666666,-1,1.0,-1,0.0,-1,0.5,-1,1.0,-1,0.0,-1,0.5,-1,0.0,-1,0.7142857142857143,-1,0.3333333333333333,-1,1.0,-1,-0.6666666666666666,-1,1.0,-1,-0.6666666666666666,-1,1.0,-1,0.6174353012963896,
9332,Nicholas Smith,-0.16666666666666666,-1,0.0,-1,-0.8333333333333334,-1,-0.16666666666666666,0.4714045207910317,0.3333333333333333,-1,0.375,-1,0.8333333333333334,-1,0.3333333333333333,1.8856180831641267,0.5,0.0,0.16666666666666666,-1,1.0,-1,0.3333333333333333,-1,0.8571428571428571,1.5,-0.6666666666666666,1.4142135623730951,0.16666666666666666,0.4714045207910317,0.0,1.8856180831641267,0.6666666666666666,0.0,0.7070995730941028,0.9535323462854265
,Willie Allen,1.0,-1,0.0,-1,-1.0,-1,1.0,-1,-0.3333333333333333,-1,0.75,-1,0.6666666666666666,-1,-0.3333333333333333,-1,0.75,-1,0.0,-1,0.7142857142857143,-1,0.8333333333333334,-1,0.42857142857142855,-1,-0.6666666666666666,-1,0.6666666666666666,-1,-0.6666666666666666,-1,1.0,-1,0.5979975188279484,
63905,Willie Allen,1.0,-1,0.3333333333333333,-1,-1.0,-1,1.0,-1,0.0,-1,0.75,-1,1.0,-1,-0.16666666666666666,1.699673171197595,0.5,-1,0.0,-1,0.7142857142857143,-1,0.5,0.0,0.7142857142857143,-1,-1.0,-1,0.3333333333333333,-1,-0.6666666666666666,2.0,1.0,-1,0.5423197538437587,1.2332243903991984
48321,Willie Allen,0.6666666666666666,-1,0.3333333333333333,-1,-1.0,-1,0.6666666666666666,-1,0.0,-1,0.75,-1,0.6666666666666666,-1,-0.6666666666666666,-1,0.75,-1,0.0,-1,0.7142857142857143,-1,-0.5,0.4898979485566356,1.0,0.0,-0.6666666666666666,-1,0.6666666666666666,2.0,-1.0,-1,1.0,-1,0.6000845576566869,0.8299659828522118
1897,Willie Allen,1.0,-1,0.0,-1,-0.6666666666666666,-1,1.0,-1,-0.3333333333333333,-1,0.75,-1,0.6666666666666666,-1,-0.3333333333333333,-1,0.75,-1,0.0,-1,0.7142857142857143,-1,0.8333333333333334,-1,0.42857142857142855,-1,-0.6666666666666666,-1,0.6666666666666666,-1,-0.6666666666666666,-1,1.0,-1,0.6418419889750031,
2509,Willie Allen,1.0,-1,0.0,-1,-0.6666666666666666,-1,1.0,-1,0.0,-1,0.75,-1,1.0,-1,0.0,-1,0.75,-1,0.0,-1,0.7142857142857143,-1,0.0,0.4714045207910317,1.0,0.0,-0.5,-1,0.3333333333333333,-1,-1.0,-1,1.0,-1,0.5573327951567075,0.23570226039551584
60312,Willie Allen,1.0,-1,0.0,-1,-0.6666666666666666,-1,0.6666666666666666,-1,0.3333333333333333,0.0,0.75,-1,0.6666666666666666,-1,0.16666666666666666,0.5,0.5,-1,0.16666666666666666,1.699673171197595,0.7142857142857143,-1,0.6666666666666666,1.5,0.7142857142857143,1.8856180831641267,-1.0,-1,0.6666666666666666,2.0,-0.6666666666666666,2.0,1.0,-1,0.6551277404877212,1.3693273220516744
7754,Willie Allen,-0.16666666666666666,0.3726779962499649,0.0,1.0,0.16666666666666666,0.3726779962499649,0.0,0.0,0.0,0.9428090415820634,0.0,0.6614378277661477,0.0,0.9797958971132712,0.0,0.9428090415820634,0.0,0.0,0.0,1.0,0.0,0.6998542122237652,0.0,0.0,0.14285714285714285,1.1605769149479943,-0.16666666666666666,0.8,0.0,0.7453559924999298,0.0,0.7453559924999298,0.0,0.0,0.14972419788537666,0.6131382889832409
49202,Willie Allen,1.0,-1,0.0,2.0,-1.0,-1,1.0,-1,-0.3333333333333333,-1,0.75,-1,1.0,-1,0.0,-1,0.75,-1,0.0,-1,0.7142857142857143,-1,0.3333333333333333,0.5,0.42857142857142855,-1,-1.0,-1,0.3333333333333333,-1,-1.0,-1,1.0,-1,0.5149802879651472,1.25
2246,Willie Allen,1.0,-1,-0.3333333333333333,-1,-0.6666666666666666,-1,1.0,-1,-0.3333333333333333,-1,0.75,-1,0.6666666666666666,2.0,-0.3333333333333333,-1,0.75,-1,0.0,-1,0.7142857142857143,-1,0.5,0.0,0.42857142857142855,-1,-0.6666666666666666,-1,1.0,-1,-0.6666666666666666,-1,1.0,-1,0.6176383224254821,1.0
13033,Willie Allen,0.5,0.5,0.16666666666666666,1.5,-0.6666666666666666,-1,0.6666666666666666,0.0,-0.16666666666666666,-1,0.625,0.9428090415820634,0.5,0.9428090415820634,0.16666666666666666,1.0897247358851685,0.625,-1,0.5,0.5,0.2857142857142857,0.5,0.3333333333333333,0.0,0.2857142857142857,1.5,-0.5,1.699673171197595,0.16666666666666666,0.5,-0.16666666666666666,1.4142135623730951,0.8333333333333334,-1,0.7261606528948916,0.8530176578938451
58305,Willie Allen,1.0,-1,0.0,-1,-1.0,-1,1.0,-1,-0.3333333333333333,-1,0.5,-1,0.6666666666666666,-1,-0.6666666666666666,-1,0.75,-1,0.0,-1,0.7142857142857143,-1,0.5,0.0,0.42857142857142855,-1,-0.6666666666666666,-1,0.6666666666666666,-1,-0.6666666666666666,-1,1.0,-1,0.6214221745051346,0.0
41929,Willie Allen,1.0,-1,0.3333333333333333,-1,-1.0,-1,1.0,-1,-0.3333333333333333,-1,0.75,-1,0.6666666666666666,-1,-0.3333333333333333,-1,0.75,-1,0.0,-1,0.7142857142857143,-1,0.3333333333333333,0.5,0.7142857142857143,-1,-1.0,-1,1.0,-1,-1.0,-1,1.0,-1,0.4846574258122358,0.5
20141,Willie Allen,0.6666666666666666,-1,0.3333333333333333,1.8856180831641267,-0.6666666666666666,-1,0.6666666666666666,-1,0.0,-1,0.625,-1,0.6666666666666666,-1,0.0,-1,1.0,-1,-0.6666666666666666,0.0,0.8571428571428571,-1,0.16666666666666666,0.4714045207910317,0.7142857142857143,-1,-0.6666666666666666,-1,0.0,0.0,-0.16666666666666666,1.4142135623730951,1.0,-1,0.7032795174107378,0.7542472332656507
12477,Willie Allen,1.0,-1,0.0,-1,-1.0,-1,1.0,-1,-0.3333333333333333,-1,0.75,-1,0.6666666666666666,-1,-0.3333333333333333,-1,0.75,-1,0.0,-1,0.7142857142857143,-1,0.6666666666666666,-1,0.42857142857142855,-1,-0.6666666666666666,-1,0.6666666666666666,-1,-0.6666666666666666,-1,1.0,-1,0.6199197539014757,
54606,Willie Allen,1.0,-1,0.0,-1,-0.6666666666666666,-1,0.6666666666666666,-1,0.0,-1,0.75,-1,0.6666666666666666,-1,-0.6666666666666666,-1,0.75,-1,0.0,-1,0.7142857142857143,-1,0.3333333333333333,0.5,0.42857142857142855,-1,-0.6666666666666666,-1,0.6666666666666666,-1,-1.0,-1,1.0,-1,0.6671283980731149,0.5
21347,Willie Allen,1.0,-1,0.0,-1,-1.0,-1,1.0,-1,-0.3333333333333333,-1,0.75,-1,0.6666666666666666,-1,-0.3333333333333333,-1,0.75,-1,0.0,-1,0.7142857142857143,-1,0.6666666666666666,-1,0.42857142857142855,-1,-1.0,-1,0.6666666666666666,-1,-0.6666666666666666,-1,1.0,-1,0.5599604913009565,
4305,Willie Allen,1.0,-1,0.6666666666666666,0.0,-0.6666666666666666,-1,0.6666666666666666,-1,-0.3333333333333333,-1,0.75,-1,1.0,-1,-0.16666666666666666,-1,1.0,-1,0.0,1.0,0.7142857142857143,-1,0.0,0.4714045207910317,0.7142857142857143,1.8856180831641267,-0.8333333333333334,1.5,0.3333333333333333,1.8856180831641267,-1.0,-1,1.0,-1,0.5452667269359432,1.1237734478532142
30919,Willie Allen,0.6666666666666666,-1,-0.3333333333333333,-1,-1.0,-1,1.0,-1,0.3333333333333333,0.0,0.75,-1,1.0,-1,-0.5,1.5,0.75,-1,0.0,1.0,0.7142857142857143,-1,0.5,0.0,1.0,0.0,-1.0,-1,0.3333333333333333,-1,-0.3333333333333333,-1,0.6666666666666666,-1,0.5663941077449322,0.5
34598,Willie Allen,1.0,-1,0.0,-1,-1.0,-1,1.0,-1,-0.3333333333333333,-1,0.75,-1,0.6666666666666666,-1,-0.6666666666666666,-1,0.75,-1,-0.3333333333333333,-1,0.7142857142857143,-1,0.5,0.0,0.42857142857142855,-1,-0.6666666666666666,-1,0.6666666666666666,-1,-0.6666666666666666,-1,1.0,-1,0.6060234371853566,0.0
51010,Willie Allen,1.0,-1,0.0,-1,-1.0,-1,1.0,-1,0.0,-1,0.75,-1,1.0,-1,-0.6666666666666666,-1,0.75,-1,0.0,-1,0.7142857142857143,-1,0.5,0.0,0.7142857142857143,-1,-1.0,-1,0.6666666666666666,-1,-0.6666666666666666,-1,1.0,-1,0.5130832160767993,0.0
62769,Willie Allen,1.0,-1,-0.3333333333333333,-1,-0.5,0.5,1.0,-1,-0.16666666666666666,-1,0.625,-1,0.5,-1,0.0,1.2,0.5,-1,0.0,1.0,0.7142857142857143,-1,0.5,0.0,0.42857142857142855,-1,-0.6666666666666666,-1,1.0,-1,-0.5,-1,1.0,-1,0.5999969340956587,0.675
47207,Willie Allen,1.0,-1,0.0,-1,-1.0,-1,0.6666666666666666,-1,0.3333333333333333,0.0,0.75,-1,0.6666666666666666,-1,-0.16666666666666666,1.699673171197595,0.75,-1,-0.3333333333333333,-1,0.7142857142857143,-1,0.3333333333333333,0.5,1.0,0.0,-0.6666666666666666,-1,0.3333333333333333,-1,-1.0,-1,1.0,-1,0.5839742046729326,0.5499182927993987
8035,Willie Allen,1.0,-1,0.0,-1,-1.0,-1,1.0,-1,-0.3333333333333333,-1,0.75,-1,0.6666666666666666,-1,-0.6666666666666666,-1,0.75,-1,0.0,-1,0.7142857142857143,-1,0.6666666666666666,-1,0.42857142857142855,-1,-0.6666666666666666,-1,0.6666666666666666,-1,-0.6666666666666666,-1,1.0,-1,0.6083048686613504,
8546,Willie Allen,1.0,-1,0.0,-1,-0.6666666666666666,-1,0.6666666666666666,-1,-0.3333333333333333,-1,0.75,-1,1.0,-1,-0.3333333333333333,-1,0.75,-1,0.0,-1,0.7142857142857143,-1,0.3333333333333333,0.5,0.42857142857142855,-1,-0.6666666666666666,-1,0.6666666666666666,-1,-0.6666666666666666,-1,1.0,-1,0.675379109288656,0.5
9332,Willie Allen,0.8333333333333334,-1,0.3333333333333333,-1,-0.6666666666666666,-1,0.3333333333333333,0.4714045207910317,0.0,-1,0.375,1.0897247358851685,0.8333333333333334,1.5,0.0,1.8856180831641267,0.625,-1,0.16666666666666666,-1,0.42857142857142855,0.0,0.5,0.8660254037844386,0.8571428571428571,0.5,-0.5,-1,0.8333333333333334,1.5,-0.3333333333333333,-1,1.0,-1,0.6544678644999811,0.9765965929530956
,Shannon Chase,0.6666666666666666,-1,0.3333333333333333,-1,-0.3333333333333333,-1,0.6666666666666666,-1,-0.6666666666666666,-1,0.5,-1,1.0,-1,0.0,-1,0.5,-1,-0.3333333333333333,-1,0.7142857142857143,-1,0.0,-1,0.7142857142857143,-1,-0.6666666666666666,-1,0.6666666666666666,-1,0.0,-1,0.6666666666666666,-1,0.7901366065742457,
63905,Shannon Chase,0.6666666666666666,-1,0.0,-1,-0.6666666666666666,-1,0.6666666666666666,-1,-0.3333333333333333,-1,0.5,-1,0.6666666666666666,-1,-0.16666666666666666,1.5,0.5,-1,0.3333333333333333,0.0,0.42857142857142855,-1,0.16666666666666666,-1,0.42857142857142855,-1,-0.6666666666666666,-1,0.6666666666666666,2.0,-0.3333333333333333,1.8856180831641267,1.0,-1,0.8020402722845088,1.3464045207910318
48321,Shannon Chase,1.0,-1,0.0,-1,-1.0,0.0,0.3333333333333333,-1,-0.6666666666666666,-1,0.5,-1,0.6666666666666666,-1,-0.3333333333333333,-1,0.5,-1,0.0,-1,0.7142857142857143,-1,-0.3333333333333333,-1,0.7142857142857143,-1,-1.0,-1,0.3333333333333333,1.8856180831641267,-0.6666666666666666,0.0,1.0,-1,0.6552390221084972,0.6285393610547089
1897,Shannon Chase,0.6666666666666666,-1,0.3333333333333333,-1,0.0,-1,0.6666666666666666,-1,-0.6666666666666666,-1,0.5,-1,1.0,-1,0.0,-1,0.75,-1,-0.3333333333333333,-1,0.7142857142857143,-1,0.0,-1,0.7142857142857143,-1,-0.6666666666666666,-1,0.6666666666666666,-1,0.0,-1,1.0,-1,0.7376217471565819,
2509,Shannon Chase,0.6666666666666666,-1,-0.3333333333333333,0.0,-0.3333333333333333,-1,0.6666666666666666,-1,-0.6666666666666666,-1,0.5,-1,1.0,-1,-0.5,1.4142135623730951,0.5,-1,0.0,-1,0.7142857142857143,-1,-0.16666666666666666,1.7853571071357126,0.7142857142857143,-1,-1.0,-1,1.0,-1,0.3333333333333333,-1,1.0,-1,0.6386790834084772,1.066523556502936
60312,Shannon Chase,0.6666666666666666,-1,-0.3333333333333333,0.0,-0.6666666666666666,1.8856180831641267,0.6666666666666666,-1,-0.6666666666666666,-1,0.5,-1,1.0,-1,-0.16666666666666666,-1,0.75,-1,-0.16666666666666666,1.699673171197595,0.7142857142857143,-1,0.5,1.4142135623730951,0.7142857142857143,2.0,-0.5,-1,0.6666666666666666,2.0,0.0,2.0,0.6666666666666666,-1,0.7449821658790122,1.5713578309621166
7754,Shannon Chase,-0.16666666666666666,0.8975274678557507,-0.16666666666666666,0.8,-0.16666666666666666,0.9797958971132713,0.0,0.7453559924999298,-0.16666666666666666,0.8000000000000002,0.0,0.8660254037844386,0.0,0.0,0.0,1.0,0.0,0.8660254037844386,-0.16666666666666666,0.9797958971132713,0.0,0.6998542122237652,0.0,1.0,0.0,0.6998542122237652,0.0,0.7453559924999298,0.0,0.7453559924999298,0.0,1.0,0.0,0.7453559924999298,0.10961117536763677,0.7982530861234364
49202,Shannon Chase,0.6666666666666666,-1,0.3333333333333333,-1,-0.3333333333333333,-1,0.6666666666666666,-1,-0.6666666666666666,-1,0.5,-1,1.0,-1,0.0,1.0,0.5,-1,0.0,-1,0.7142857142857143,-1,0.0,2.0,0.7142857142857143,-1,-0.6666666666666666,-1,1.0,-1,-0.3333333333333333,-1,0.6666666666666666,-1,0.7354978176582336,1.5
2246,Shannon Chase,0.6666666666666666,-1,0.0,-1,-0.6666666666666666,-1,0.6666666666666666,-1,0.0,0.0,0.5,-1,1.0,-1,-0.3333333333333333,-1,0.5,-1,-0.3333333333333333,-1,0.7142857142857143,-1,-0.3333333333333333,-1,0.42857142857142855,-1,-0.6666666666666666,-1,0.6666666666666666,-1,-0.3333333333333333,-1,0.6666666666666666,-1,0.798752061413278,0.0
13033,Shannon Chase,0.3333333333333333,0.0,0.0,1.247219128924647,0.0,1.247219128924647,0.3333333333333333,-1,-0.5,-1,0.5,1.0,0.8333333333333334,-1,0.16666666666666666,1.299038105676658,0.5,1.0,-0.16666666666666666,1.2133516482134197,0.5714285714285714,-1,0.3333333333333333,1.5,0.14285714285714285,0.4714045207910317,-0.8333333333333334,1.5,0.8333333333333334,1.5,-0.16666666666666666,1.699673171197595,0.6666666666666666,1.4142135623730951,0.6556256657030907,1.1609322512385458
58305,Shannon Chase,0.6666666666666666,-1,-0.3333333333333333,0.0,-0.16666666666666666,1.5,0.6666666666666666,-1,-0.6666666666666666,-1,0.5,-1,1.0,-1,0.0,-1,0.75,-1,0.0,-1,0.7142857142857143,-1,-0.3333333333333333,-1,0.7142857142857143,-1,-0.6666666666666666,-1,0.6666666666666666,-1,-0.6666666666666666,0.0,0.6666666666666666,-1,0.7604593620304413,0.5
41929,Shannon Chase,0.6666666666666666,-1,0.0,-1,0.0,-1,0.6666666666666666,-1,-0.6666666666666666,-1,0.5,-1,1.0,-1,-0.3333333333333333,-1,0.5,-1,-0.3333333333333333,-1,0.7142857142857143,-1,0.3333333333333333,-1,1.0,-1,-0.6666666666666666,-1,0.6666666666666666,-1,0.0,-1,0.6666666666666666,-1,0.7489687117375535,
20141,Shannon Chase,0.6666666666666666,-1,0.0,1.8856180831641267,-0.6666666666666666,1.8856180831641267,1.0,-1,-0.16666666666666666,0.5,0.625,1.5,0.6666666666666666,-1,-0.3333333333333333,-1,0.5,-1,0.0,1.5,0.7142857142857143,-1,0.0,2.0,0.8571428571428571,1.5,-1.0,-1,0.6666666666666666,2.0,-0.3333333333333333,1.8856180831641267,1.0,-1,0.6584025511424213,1.628539361054709
12477,Shannon Chase,0.6666666666666666,-1,0.0,-1,0.0,-1,0.6666666666666666,-1,-0.6666666666666666,-1,0.5,-1,1.0,-1,0.0,-1,0.5,-1,-0.3333333333333333,-1,0.7142857142857143,-1,0.0,-1,0.7142857142857143,-1,-0.6666666666666666,-1,0.6666666666666666,-1,0.0,-1,0.6666666666666666,-1,0.7968649546234147,
54606,Shannon Chase,0.6666666666666666,-1,0.16666666666666666,-1,-0.16666666666666666,1.5,0.6666666666666666,-1,-0.3333333333333333,-1,0.5,-1,1.0,-1,-0.3333333333333333,-1,0.5,-1,-0.3333333333333333,-1,0.7142857142857143,-1,0.3333333333333333,-1,0.7142857142857143,-1,-0.6666666666666666,-1,0.6666666666666666,2.0,-0.3333333333333333,-1,0.6666666666666666,-1,0.7863317257728162,1.75
21347,Shannon Chase,0.6666666666666666,-1,0.3333333333333333,-1,-0.5,-1,0.6666666666666666,-1,-0.6666666666666666,-1,0.5,-1,1.0,-1,0.0,-1,0.5,-1,-0.3333333333333333,-1,0.7142857142857143,-1,0.0,-1,0.7142857142857143,-1,-0.6666666666666666,-1,0.6666666666666666,-1,0.3333333333333333,-1,0.6666666666666666,-1,0.7762402898581263,
4305,Shannon Chase,0.6666666666666666,-1,0.16666666666666666,1.699673171197595,-0.3333333333333333,2.0,1.0,-1,-0.3333333333333333,-1,0.5,-1,1.0,-1,-0.6666666666666666,0.0,1.0,0.0,0.16666666666666666,0.5,0.14285714285714285,0.0,-0.6666666666666666,1.7320508075688772,0.7142857142857143,-1,-1.0,-1,0.3333333333333333,1.8856180831641267,0.0,2.0,1.0,-1,0.6126572336809689,1.0908157846589555
30919,Shannon Chase,0.6666666666666666,-1,-0.3333333333333333,0.0,-0.3333333333333333,2.0,0.3333333333333333,-1,-0.3333333333333333,-1,0.25,-1,0.5,0.5,-0.3333333333333333,-1,0.5,-1,0.16666666666666666,0.5,0.7142857142857143,-1,0.6666666666666666,0.0,1.0,-1,-1.0,-1,0.6666666666666666,-1,-0.3333333333333333,1.8856180831641267,0.6666666666666666,-1,0.754923162101993,0.8142696805273545
34598,Shannon Chase,0.6666666666666666,-1,0.3333333333333333,-1,-0.16666666666666666,1.5,0.6666666666666666,-1,-0.6666666666666666,-1,0.5,-1,1.0,-1,-0.3333333333333333,-1,0.5,-1,-0.3333333333333333,-1,0.7142857142857143,-1,0.3333333333333333,-1,0.7142857142857143,-1,-0.6666666666666666,-1,0.6666666666666666,-1,0.0,-1,0.6666666666666666,-1,0.7807446365411759,1.5
51010,Shannon Chase,0.6666666666666666,-1,0.0,-1,0.0,-1,0.6666666666666666,-1,-0.6666666666666666,-1,0.5,-1,1.0,-1,0.0,-1,0.5,-1,-0.3333333333333333,-1,0.7142857142857143,-1,0.0,-1,0.7142857142857143,-1,-0.6666666666666666,-1,0.6666666666666666,-1,0.0,-1,0.6666666666666666,-1,0.7968649546234147,
62769,Shannon Chase,0.6666666666666666,-1,0.3333333333333333,1.0,-0.6666666666666666,-1,0.5,-1,-0.16666666666666666,1.0897247358851685,0.5,-1,1.0,-1,0.0,1.0,0.5,-1,0.16666666666666666,1.118033988749895,0.7142857142857143,-1,0.0,1.4142135623730951,0.7142857142857143,-1,-0.8333333333333334,1.5,0.5,-1,-0.16666666666666666,1.699673171197595,0.6666666666666666,-1,0.6825746662832637,1.2602350654579646
47207,Shannon Chase,0.6666666666666666,-1,-0.3333333333333333,0.0,-0.3333333333333333,2.0,0.6666666666666666,-1,-0.6666666666666666,-1,0.25,-1,1.0,-1,-0.6666666666666666,0.0,0.5,2.0,-0.3333333333333333,2.0,0.14285714285714285,0.0,0.0,2.0,1.0,-1,-1.0,-1,0.8333333333333334,1.5,-0.3333333333333333,1.8856180831641267,1.0,-1,0.644079570089707,1.2650686759071252
8035,Shannon Chase,0.6666666666666666,-1,0.3333333333333333,-1,0.16666666666666666,1.4142135623730951,0.6666666666666666,-1,-0.6666666666666666,-1,0.5,-1,1.0,-1,0.0,-1,0.5,-1,-0.3333333333333333,-1,0.7142857142857143,-1,0.0,-1,0.7142857142857143,-1,-0.6666666666666666,-1,0.6666666666666666,-1,0.0,-1,0.6666666666666666,-1,0.7874729845903449,1.4142135623730951
8546,Shannon Chase,0.6666666666666666,-1,0.0,-1,-0.5,1.699673171197595,0.6666666666666666,-1,-0.16666666666666666,0.5,0.5,-1,1.0,-1,0.16666666666666666,-1,0.75,-1,-0.3333333333333333,-1,0.7142857142857143,-1,0.0,2.0,0.7142857142857143,-1,-0.6666666666666666,-1,0.6666666666666666,-1,-0.3333333333333333,1.8856180831641267,1.0,-1,0.7266488976882022,1.5213228135904306
9332,Shannon Chase,0.5,-1,0.0,-1,-0.8333333333333334,0.5,0.3333333333333333,1.8856180831641267,-0.3333333333333333,-1,0.5,1.0,1.0,-1,0.3333333333333333,0.0,0.375,-1,-0.16666666666666666,-1,0.7142857142857143,-1,-0.16666666666666666,1.5,0.8571428571428571,1.5,-0.8333333333333334,1.5,1.0,-1,0.0,2.0,0.6666666666666666,-1,0.6643734433396303,1.235702260395516
,Julie Miller,0.0,-1,-0.3333333333333333,-1,-1.0,-1,0.6666666666666666,-1,0.3333333333333333,-1,0.5,-1,1.0,-1,0.3333333333333333,-1,0.75,-1,-0.3333333333333333,-1,0.42857142857142855,-1,-0.3333333333333333,-1,0.14285714285714285,-1,-0.8333333333333334,-1,0.3333333333333333,-1,-0.3333333333333333,-1,0.6666666666666666,-1,0.757868689728876,
63905,Julie Miller,0.0,-1,0.0,-1,-1.0,-1,1.0,-1,0.3333333333333333,2.0,0.0,0.0,1.0,-1,0.3333333333333333,2.0,0.25,0.0,0.16666666666666666,1.4142135623730951,0.7142857142857143,-1,0.3333333333333333,0.0,0.7142857142857143,0.0,-0.5,-1,0.0,-1,-0.3333333333333333,-1,1.0,-1,0.6941459124123154,0.7734590803390136
48321,Julie Miller,0.0,-1,0.0,1.8856180831641267,-1.0,-1,0.6666666666666666,-1,0.0,-1,0.25,-1,1.0,-1,-0.3333333333333333,0.0,0.75,-1,-0.3333333333333333,2.0,0.7142857142857143,-1,0.0,-1,0.7142857142857143,0.0,-0.6666666666666666,1.5,-0.3333333333333333,0.0,0.3333333333333333,0.0,0.6666666666666666,-1,0.7668644842702104,0.7693740118805896
1897,Julie Miller,-0.3333333333333333,-1,-0.3333333333333333,-1,-1.0,-1,0.6666666666666666,-1,0.3333333333333333,-1,0.5,-1,1.0,-1,0.3333333333333333,-1,0.75,-1,-0.3333333333333333,-1,0.42857142857142855,-1,-0.3333333333333333,-1,0.14285714285714285,-1,-0.8333333333333334,-1,0.3333333333333333,-1,-0.3333333333333333,-1,0.6666666666666666,-1,0.7545045157042916,
2509,Julie Miller,-0.3333333333333333,-1,-0.3333333333333333,-1,-1.0,-1,0.6666666666666666,-1,0.3333333333333333,-1,0.5,-1,1.0,-1,0.0,-1,0.25,0.0,-0.6666666666666666,-1,0.42857142857142855,-1,0.0,-1,0.7142857142857143,0.0,-0.8333333333333334,-1,0.3333333333333333,-1,-0.3333333333333333,2.0,0.6666666666666666,-1,0.7506132080661988,0.6666666666666666
60312,Julie Miller,0.3333333333333333,-1,0.3333333333333333,0.0,-0.6666666666666666,-1,1.0,-1,0.0,-1,0.25,-1,1.0,-1,0.16666666666666666,1.699673171197595,0.5,-1,-0.3333333333333333,1.4142135623730951,0.7142857142857143,-1,0.0,-1,0.8571428571428571,0.4714045207910317,-0.6666666666666666,1.5,0.0,1.8856180831641267,-0.16666666666666666,-1,1.0,-1,0.6941643267674917,1.161818222920975
7754,Julie Miller,0.0,1.0,0.0,0.9428090415820634,0.0,0.0,0.0,0.7453559924999298,0.0,0.9428090415820634,0.0,0.8660254037844386,0.0,0.0,0.0,0.9428090415820634,0.0,0.6614378277661477,0.0,0.9428090415820634,0.0,0.9035079029052512,0.0,0.9428090415820634,0.0,0.989743318610787,0.16666666666666666,0.4,-0.16666666666666666,0.8,0.16666666666666666,1.118033988749895,-0.16666666666666666,0.0,0.08768894029410941,0.7175382142486333
49202,Julie Miller,0.0,-1,0.3333333333333333,0.0,-1.0,-1,0.6666666666666666,-1,0.0,-1,0.5,-1,1.0,-1,0.0,-1,0.5,-1,-0.3333333333333333,2.0,0.7142857142857143,-1,-0.3333333333333333,-1,0.42857142857142855,-1,-0.5,-1,0.3333333333333333,-1,-0.3333333333333333,-1,0.6666666666666666,-1,0.7825842783196496,1.0
2246,Julie Miller,-0.3333333333333333,-1,0.0,-1,-1.0,-1,0.6666666666666666,-1,0.0,-1,0.5,-1,1.0,-1,-0.3333333333333333,0.0,0.5,-1,-1.0,0.0,0.7142857142857143,-1,-0.3333333333333333,-1,0.42857142857142855,-1,-1.0,-1,0.3333333333333333,-1,0.0,-1,0.6666666666666666,-1,0.6821977102368239,0.0
13033,Julie Miller,-0.16666666666666666,1.5,0.16666666666666666,0.0,-1.0,-1,0.8333333333333334,1.5,-0.3333333333333333,0.0,0.25,0.8660254037844386,0.6666666666666666,0.0,-0.16666666666666666,0.5,0.25,0.4714045207910317,-0.6666666666666666,1.8856180831641267,0.2857142857142857,1.299038105676658,-0.3333333333333333,1.0,0.0,1.7853571071357126,-0.8333333333333334,1.0,0.6666666666666666,1.247219128924647,0.16666666666666666,0.5,1.0,-1,0.6245718277952211,0.9036441566317743
58305,Julie Miller,-0.3333333333333333,-1,-0.3333333333333333,-1,-1.0,-1,0.6666666666666666,-1,0.0,-1,0.5,-1,1.0,-1,0.3333333333333333,-1,0.75,-1,-0.6666666666666666,-1,0.7142857142857143,-1,-0.3333333333333333,-1,0.7142857142857143,0.0,-1.0,-1,0.3333333333333333,-1,-0.3333333333333333,2.0,0.6666666666666666,-1,0.6952996401758992,1.0
41929,Julie Miller,0.0,-1,0.0,-1,-1.0,-1,0.6666666666666666,-1,0.0,-1,0.5,-1,1.0,-1,0.0,-1,0.25,0.0,-0.6666666666666666,-1,0.7142857142857143,-1,-0.3333333333333333,-1,0.42857142857142855,-1,-0.6666666666666666,1.5,0.0,-1,-0.6666666666666666,-1,0.6666666666666666,-1,0.7710130799733542,0.75
20141,Julie Miller,0.0,-1,0.16666666666666666,1.4142135623730951,-0.8333333333333334,-1,0.6666666666666666,-1,0.0,-1,0.5,-1,1.0,-1,-0.3333333333333333,0.0,0.5,1.8856180831641267,-0.8333333333333334,1.4142135623730951,0.7142857142857143,-1,-0.3333333333333333,-1,0.7142857142857143,1.7320508075688772,-0.5,1.247219128924647,0.6666666666666666,-1,-1.0,0.0,0.6666666666666666,-1,0.6858877275801163,1.0990450206291202
12477,Julie Miller,-0.3333333333333333,-1,-0.3333333333333333,-1,-1.0,-1,0.6666666666666666,-1,0.3333333333333333,-1,0.5,-1,1.0,-1,0.3333333333333333,-1,0.75,-1,-0.3333333333333333,-1,0.42857142857142855,-1,-0.3333333333333333,-1,0.14285714285714285,-1,-0.8333333333333334,-1,0.3333333333333333,-1,-0.3333333333333333,-1,0.6666666666666666,-1,0.7545045157042916,
54606,Julie Miller,0.0,-1,-0.3333333333333333,-1,-1.0,-1,0.6666666666666666,-1,0.3333333333333333,-1,0.5,-1,1.0,-1,0.3333333333333333,-1,0.75,-1,-0.6666666666666666,-1,0.7142857142857143,-1,0.0,-1,0.42857142857142855,-1,-0.6666666666666666,1.5,0.0,-1,-0.3333333333333333,2.0,0.6666666666666666,-1,0.7578520872357396,1.75
21347,Julie Miller,0.0,-1,-0.3333333333333333,-1,-1.0,-1,0.6666666666666666,-1,0.0,-1,0.5,-1,1.0,-1,0.0,-1,0.5,-1,-0.3333333333333333,-1,0.42857142857142855,-1,-0.3333333333333333,-1,0.14285714285714285,-1,-0.8333333333333334,-1,0.3333333333333333,-1,-0.3333333333333333,-1,0.6666666666666666,-1,0.7766316010732386,
4305,Julie Miller,0.0,-1,0.3333333333333333,0.0,-1.0,-1,1.0,-1,0.0,-1,0.25,-1,1.0,-1,-0.6666666666666666,0.0,0.25,0.0,0.16666666666666666,0.5,0.7142857142857143,-1,0.16666666666666666,0.5,1.0,0.0,-1.0,-1,0.3333333333333333,2.0,0.0,-1,1.0,-1,0.5919044056884135,0.42857142857142855
30919,Julie Miller,0.0,-1,0.0,-1,-0.6666666666666666,-1,0.6666666666666666,-1,0.3333333333333333,-1,0.5,-1,1.0,-1,-0.16666666666666666,1.4142135623730951,0.25,0.0,-0.16666666666666666,-1,0.7142857142857143,-1,0.3333333333333333,0.0,0.7142857142857143,0.0,-1.0,-1,0.6666666666666666,-1,0.0,1.8856180831641267,0.6666666666666666,-1,0.7585927443328924,0.6599663291074445
34598,Julie Miller,0.0,-1,-0.3333333333333333,-1,-1.0,-1,0.6666666666666666,-1,0.3333333333333333,-1,0.5,-1,1.0,-1,0.3333333333333333,-1,0.5,-1,-0.6666666666666666,-1,0.42857142857142855,-1,-0.3333333333333333,-1,0.42857142857142855,-1,-1.0,-1,0.3333333333333333,-1,-0.6666666666666666,-1,0.6666666666666666,-1,0.719678575958201,
51010,Julie Miller,0.0,-1,-0.3333333333333333,-1,-1.0,-1,0.6666666666666666,-1,0.0,-1,0.5,-1,1.0,-1,-0.3333333333333333,0.0,0.5,-1,-0.6666666666666666,-1,0.42857142857142855,-1,-0.3333333333333333,-1,0.42857142857142855,-1,-1.0,-1,0.0,-1,0.0,-1,0.6666666666666666,-1,0.7413859832720799,0.0
62769,Julie Miller,0.0,-1,-0.16666666666666666,-1,-1.0,-1,0.6666666666666666,-1,0.0,-1,0.5,-1,0.8333333333333334,-1,0.16666666666666666,-1,0.75,-1,-0.16666666666666666,0.9428090415820634,0.7142857142857143,-1,-0.16666666666666666,-1,0.42857142857142855,-1,-0.6666666666666666,1.5,0.5,-1,0.16666666666666666,0.5,0.6666666666666666,-1,0.7518016516832123,0.9809363471940212
47207,Julie Miller,-0.3333333333333333,-1,0.3333333333333333,0.0,-1.0,-1,1.0,-1,0.3333333333333333,-1,0.5,-1,1.0,-1,0.0,-1,0.0,0.0,-0.6666666666666666,-1,0.7142857142857143,-1,0.0,-1,0.7142857142857143,0.0,-1.0,-1,0.16666666666666666,-1,0.0,-1,1.0,-1,0.631590847843167,0.0
8035,Julie Miller,0.0,-1,-0.3333333333333333,-1,-1.0,-1,0.6666666666666666,-1,0.0,-1,0.5,-1,1.0,-1,0.3333333333333333,-1,0.75,-1,-0.3333333333333333,-1,0.42857142857142855,-1,-0.3333333333333333,-1,0.14285714285714285,-1,-0.8333333333333334,-1,0.3333333333333333,-1,-0.3333333333333333,-1,0.6666666666666666,-1,0.7612328637534604,
8546,Julie Miller,0.0,-1,0.0,-1,-1.0,-1,0.6666666666666666,-1,0.0,-1,0.5,-1,1.0,-1,0.0,-1,0.75,-1,-0.6666666666666666,-1,0.42857142857142855,-1,0.0,-1,0.14285714285714285,-1,-0.6666666666666666,1.5,0.0,-1,0.3333333333333333,0.0,0.6666666666666666,-1,0.7849969096852005,0.75
9332,Julie Miller,0.16666666666666666,1.5,0.16666666666666666,1.4142135623730951,-1.0,-1,0.8333333333333334,1.5,0.0,-1,0.375,-1,1.0,-1,0.0,-1,0.75,-1,-0.5,1.5,0.7142857142857143,-1,0.0,-1,0.7142857142857143,0.0,-0.5,1.247219128924647,0.6666666666666666,-1,0.16666666666666666,0.5,0.6666666666666666,1.4142135623730951,0.6898617189425843,1.1344557817088545
,Nancy Carroll,0.3333333333333333,-1,0.0,-1,-1.0,-1,1.0,-1,0.0,-1,0.75,-1,0.3333333333333333,-1,-0.3333333333333333,-1,0.0,-1,0.3333333333333333,-1,0.7142857142857143,-1,0.3333333333333333,-1,1.0,-1,-1.0,-1,-0.3333333333333333,-1,-0.3333333333333333,-1,1.0,-1,0.6447620782979033,
63905,Nancy Carroll,0.3333333333333333,-1,0.0,2.0,-0.6666666666666666,-1,0.6666666666666666,-1,0.0,-1,0.75,-1,0.6666666666666666,-1,-0.6666666666666666,-1,0.0,-1,0.3333333333333333,-1,0.7142857142857143,-1,0.6666666666666666,-1,0.7142857142857143,-1,-0.3333333333333333,0.0,-0.5,1.5,-0.6666666666666666,-1,0.6666666666666666,-1,0.8159310553109029,1.1666666666666667
48321,Nancy Carroll,0.3333333333333333,-1,0.0,2.0,-1.0,-1,1.0,-1,-0.3333333333333333,-1,0.5,-1,0.3333333333333333,2.0,-0.3333333333333333,2.0,0.25,-1,0.6666666666666666,-1,1.0,-1,0.3333333333333333,-1,1.0,-1,-0.6666666666666666,-1,-0.6666666666666666,-1,0.0,1.8856180831641267,0.6666666666666666,-1,0.6782200246027252,1.9714045207910318
1897,Nancy Carroll,0.3333333333333333,-1,0.0,-1,-1.0,-1,1.0,-1,0.0,-1,0.75,-1,0.6666666666666666,-1,-0.3333333333333333,-1,0.0,-1,0.3333333333333333,-1,0.7142857142857143,-1,0.3333333333333333,-1,1.0,-1,-1.0,-1,-0.3333333333333333,-1,-0.3333333333333333,-1,1.0,-1,0.6331471930577779,
2509,Nancy Carroll,0.3333333333333333,-1,-0.3333333333333333,-1,-0.3333333333333333,0.0,1.0,-1,0.0,-1,0.5,-1,0.6666666666666666,-1,-0.3333333333333333,-1,0.0,-1,0.0,-1,0.7142857142857143,-1,0.3333333333333333,-1,1.0,-1,-1.0,-1,-0.16666666666666666,-1,-0.3333333333333333,-1,1.0,-1,0.6979774897562507,0.0
60312,Nancy Carroll,0.3333333333333333,-1,-0.3333333333333333,-1,-1.0,-1,1.0,-1,0.0,2.0,0.5,-1,0.0,1.8856180831641267,-0.3333333333333333,2.0,0.75,0.0,0.3333333333333333,-1,0.8571428571428571,1.5,0.3333333333333333,-1,1.0,-1,-0.6666666666666666,-1,0.8333333333333334,0.4330127018922193,-1.0,0.0,1.0,-1,0.5711452667248635,1.1169472550080495
7754,Nancy Carroll,0.0,0.9428090415820634,0.0,1.0,0.0,0.0,-0.16666666666666666,0.3726779962499649,0.0,1.0,-0.125,0.7806247497997998,0.0,0.9428090415820634,0.0,0.9428090415820634,0.0,1.0,0.0,0.9428090415820634,0.0,0.6998542122237652,0.0,0.9428090415820634,-0.14285714285714285,0.3499271061118826,0.0,0.0,-0.16666666666666666,0.9797958971132713,0.0,0.9428090415820634,0.0,0.0,0.08388247132322861,0.6964549535877096
49202,Nancy Carroll,0.3333333333333333,-1,0.0,2.0,-1.0,-1,1.0,-1,-0.3333333333333333,-1,0.5,-1,0.3333333333333333,-1,-0.3333333333333333,-1,0.0,-1,0.3333333333333333,-1,1.0,-1,0.0,-1,1.0,-1,-0.6666666666666666,-1,0.0,-1,-0.3333333333333333,-1,1.0,-1,0.6628373909280441,2.0
2246,Nancy Carroll,0.0,-1,-0.6666666666666666,0.0,-1.0,-1,1.0,-1,0.0,-1,0.75,-1,0.3333333333333333,-1,-1.0,0.0,0.0,-1,0.3333333333333333,-1,0.7142857142857143,-1,0.3333333333333333,-1,1.0,-1,-0.6666666666666666,-1,-0.3333333333333333,-1,-0.3333333333333333,2.0,1.0,-1,0.6215323078176522,0.6666666666666666
13033,Nancy Carroll,0.3333333333333333,-1,-0.16666666666666666,-1,-0.3333333333333333,0.0,0.6666666666666666,-1,-0.3333333333333333,0.0,0.25,0.4714045207910317,0.6666666666666666,1.8856180831641267,-0.16666666666666666,1.299038105676658,0.125,1.299038105676658,0.16666666666666666,0.9428090415820634,0.2857142857142857,0.5,0.0,0.8660254037844386,0.2857142857142857,0.4330127018922193,-0.8333333333333334,-1,0.16666666666666666,1.3564659966250536,0.0,1.247219128924647,0.5,0.5,0.7530187961757009,0.830817776008992
58305,Nancy Carroll,0.3333333333333333,-1,-0.3333333333333333,-1,-1.0,-1,1.0,-1,-0.3333333333333333,-1,0.75,-1,0.6666666666666666,-1,-0.6666666666666666,-1,0.0,-1,0.0,-1,0.7142857142857143,-1,0.3333333333333333,-1,1.0,-1,-1.0,-1,-0.3333333333333333,-1,-0.6666666666666666,-1,1.0,-1,0.6065532485529423,
41929,Nancy Carroll,0.3333333333333333,-1,-0.3333333333333333,-1,-1.0,-1,1.0,-1,0.0,-1,0.5,-1,0.6666666666666666,-1,-0.3333333333333333,-1,0.25,-1,0.0,-1,0.7142857142857143,-1,0.3333333333333333,-1,1.0,-1,-0.6666666666666666,-1,-0.3333333333333333,-1,0.0,-1,1.0,-1,0.6905225085570725,
20141,Nancy Carroll,0.3333333333333333,-1,0.0,2.0,-0.5,0.5,1.0,-1,0.0,-1,0.875,-1,0.6666666666666666,-1,0.0,-1,0.25,-1,0.16666666666666666,-1,1.0,-1,0.3333333333333333,2.0,1.0,-1,-0.6666666666666666,-1,0.3333333333333333,0.0,0.3333333333333333,0.0,0.8333333333333334,-1,0.6820518224526312,0.9
12477,Nancy Carroll,0.3333333333333333,-1,0.0,-1,-1.0,-1,1.0,-1,0.0,-1,0.75,-1,0.3333333333333333,-1,-0.3333333333333333,-1,0.0,-1,0.6666666666666666,-1,0.7142857142857143,-1,0.3333333333333333,-1,1.0,-1,-1.0,-1,-0.3333333333333333,-1,-0.3333333333333333,-1,1.0,-1,0.6331471930577779,
54606,Nancy Carroll,0.0,-1,-0.3333333333333333,-1,-1.0,-1,0.6666666666666666,-1,0.0,-1,0.75,-1,0.6666666666666666,-1,-0.3333333333333333,-1,0.0,-1,0.3333333333333333,-1,0.7142857142857143,-1,0.3333333333333333,-1,1.0,-1,-0.8333333333333334,-1,-0.6666666666666666,-1,-0.6666666666666666,-1,0.6666666666666666,-1,0.7195285979451634,
21347,Nancy Carroll,0.3333333333333333,-1,0.0,-1,-1.0,-1,1.0,-1,0.0,-1,0.75,-1,0.3333333333333333,-1,-0.3333333333333333,-1,0.0,-1,0.3333333333333333,-1,0.7142857142857143,-1,0.3333333333333333,-1,1.0,-1,-1.0,-1,-0.3333333333333333,-1,-0.3333333333333333,-1,1.0,-1,0.6447620782979033,
4305,Nancy Carroll,0.0,-1,0.0,2.0,-0.6666666666666666,-1,1.0,-1,0.3333333333333333,1.8856180831641267,0.5,-1,0.6666666666666666,-1,-1.0,0.0,0.25,1.8856180831641267,-0.3333333333333333,0.0,0.7142857142857143,-1,0.3333333333333333,2.0,0.7142857142857143,-1,-0.6666666666666666,-1,0.0,-1,-0.3333333333333333,2.0,1.0,-1,0.7200755181536391,1.3958908809040362
30919,Nancy Carroll,0.3333333333333333,-1,0.0,2.0,-0.3333333333333333,0.0,0.6666666666666666,-1,0.0,2.0,0.75,-1,0.6666666666666666,-1,-1.0,0.0,0.5,0.0,0.0,-1,1.0,-1,0.0,1.8856180831641267,0.7142857142857143,-1,-1.0,-1,-0.8333333333333334,1.4142135623730951,-0.3333333333333333,2.0,0.6666666666666666,-1,0.6861465024864879,1.1624789556921526
34598,Nancy Carroll,0.3333333333333333,-1,0.0,-1,-1.0,-1,1.0,-1,-0.3333333333333333,-1,0.5,-1,0.3333333333333333,-1,-0.3333333333333333,-1,0.0,-1,0.0,-1,0.7142857142857143,-1,0.3333333333333333,-1,1.0,-1,-1.0,-1,-0.3333333333333333,-1,0.0,-1,1.0,-1,0.6601608156176814,
51010,Nancy Carroll,0.3333333333333333,-1,0.0,2.0,-1.0,-1,1.0,-1,0.3333333333333333,-1,0.75,-1,0.6666666666666666,-1,-0.3333333333333333,-1,0.0,-1,0.0,-1,0.7142857142857143,-1,0.3333333333333333,-1,1.0,-1,-0.6666666666666666,-1,-0.3333333333333333,-1,-0.3333333333333333,2.0,1.0,-1,0.6769916632048326,2.0
62769,Nancy Carroll,0.0,-1,-0.3333333333333333,0.0,-1.0,-1,1.0,-1,0.16666666666666666,1.699673171197595,0.5,-1,0.3333333333333333,-1,-0.3333333333333333,-1,0.0,-1,0.3333333333333333,-1,1.0,-1,0.3333333333333333,-1,1.0,-1,-0.6666666666666666,-1,-0.16666666666666666,0.9428090415820634,-0.3333333333333333,1.4142135623730951,1.0,-1,0.6151788992002653,1.0141739437881883
47207,Nancy Carroll,0.3333333333333333,-1,-0.6666666666666666,0.0,-0.6666666666666666,-1,1.0,-1,0.0,-1,0.25,0.0,0.3333333333333333,-1,-0.6666666666666666,-1,0.0,-1,0.0,-1,0.7142857142857143,-1,0.3333333333333333,-1,1.0,-1,-0.6666666666666666,-1,0.6666666666666666,0.0,-0.3333333333333333,2.0,1.0,-1,0.7156538928002072,0.5
8035,Nancy Carroll,0.3333333333333333,-1,0.0,-1,-1.0,-1,1.0,-1,0.0,-1,0.75,-1,0.6666666666666666,-1,-0.3333333333333333,-1,0.0,-1,0.3333333333333333,-1,0.7142857142857143,-1,0.3333333333333333,-1,1.0,-1,-1.0,-1,-0.3333333333333333,-1,-0.3333333333333333,-1,1.0,-1,0.6331471930577779,
8546,Nancy Carroll,0.3333333333333333,-1,-0.6666666666666666,0.0,-1.0,-1,1.0,-1,-0.3333333333333333,-1,0.25,0.0,0.6666666666666666,-1,-0.3333333333333333,-1,0.0,-1,0.0,-1,0.7142857142857143,-1,0.3333333333333333,-1,1.0,-1,-0.6666666666666666,-1,-0.3333333333333333,-1,-0.3333333333333333,2.0,1.0,-1,0.6800601338686936,0.6666666666666666
9332,Nancy Carroll,0.5,-1,-0.16666666666666666,1.5,-0.6666666666666666,0.0,0.8333333333333334,-1,0.16666666666666666,-1,0.375,0.0,0.6666666666666666,-1,-0.16666666666666666,-1,0.5,0.0,0.16666666666666666,-1,1.0,-1,0.16666666666666666,1.5,0.7142857142857143,0.0,-0.16666666666666666,0.4330127018922193,0.3333333333333333,0.0,-0.6666666666666666,-1,1.0,-1,0.6605845688385142,0.4291265877365274
