steer_dim,player_name,Affiliation,Affiliation:scstd,Assertiveness,Assertiveness:scstd,Behavioral Inhibition System,Behavioral Inhibition System:scstd,Breadth of Interest,Breadth of Interest:scstd,Complexity,Complexity:scstd,Dependence,Dependence:scstd,Depth,Depth:scstd,Emotional Expression,Emotional Expression:scstd,Emotional Processing,Emotional Processing:scstd,Empathy,Empathy:scstd,Extraversion,Extraversion:scstd,Imagination,Imagination:scstd,Nurturance,Nurturance:scstd,Perspective Taking,Perspective Taking:scstd,Poise,Poise:scstd,Positive Expressivity,Positive Expressivity:scstd,Preference for Order and Structure,Preference for Order and Structure:scstd,Privacy,Privacy:scstd,Psychosocial flourishing,Psychosocial flourishing:scstd,Reflection,Reflection:scstd,Satisfaction with life,Satisfaction with life:scstd,Sociability,Sociability:scstd,Social,Social:scstd,Social Confidence,Social Confidence:scstd,Social Withdrawal,Social Withdrawal:scstd,Sympathy,Sympathy:scstd,Tenderness,Tenderness:scstd,Theoretical,Theoretical:scstd,Understanding,Understanding:scstd,Warmth,Warmth:scstd,stds
,Darlene Welch,0.14285714285714285,0,0.16666666666666666,0,-0.25,0,0.8333333333333334,0,1.0,0,1.0,0,0.75,0,1.0,0,1.0,0,0.5555555555555556,0,-0.2222222222222222,0,1.0,0,0.6,0,0.5,0,0.3333333333333333,0,0.625,0,0.35714285714285715,0,1.0,0,0.625,0,1.0,0,0.25,0,0.0,0,0.17647058823529413,0,0.16666666666666666,0,1.0,0,0.7777777777777778,0,0.1111111111111111,0,0.2631578947368421,0,0.875,0,1.0,0,0.5625145943329286
63905,Darlene Welch,0.14285714285714285,0,0.5,1.224744871391589,-0.25,0,0.6666666666666666,0.0,1.0,0,1.0,0,0.75,0,0.5,0.0,1.0,0,0.6666666666666666,1.247219128924647,0.6666666666666666,0.4898979485566356,0.5,0.0,0.6,0,0.6666666666666666,0.0,0.5,0.0,0.375,0.0,0.5,1.247219128924647,1.0,0,0.875,1.247219128924647,1.0,0,0.25,0,-0.08333333333333333,0.0,0.23529411764705882,1.2133516482134197,0.6666666666666666,0.5,-0.3333333333333333,0.0,0.6666666666666666,1.5,0.4444444444444444,0.5,0.3157894736842105,1.2133516482134197,0.75,0.0,1.0,0,0.6237698485081647
48321,Darlene Welch,0.42857142857142855,0.0,-0.16666666666666666,0.4714045207910317,0.0,1.5,0.8333333333333334,0,1.0,0,1.0,0,0.75,0,1.0,0,1.0,0,0.4444444444444444,0.0,0.0,1.247219128924647,1.0,0,0.6,0,0.6666666666666666,0.0,0.6666666666666666,0.0,0.25,0.5,0.35714285714285715,0,1.0,0,0.5,0.9428090415820634,1.0,0,-0.25,0.0,0.0,1.5811388300841898,0.0,0.9035079029052513,0.16666666666666666,1.0,0.3333333333333333,0.0,0.5555555555555556,0.0,0.3333333333333333,0.0,0.10526315789473684,0.8,0.75,0.0,1.0,0,0.6090307429040356
1897,Darlene Welch,0.14285714285714285,0,0.0,0.0,-0.25,0,0.8333333333333334,0,1.0,0,1.0,0,0.75,0,0.5,0.0,1.0,0,0.5555555555555556,0,-0.2222222222222222,0,1.0,0,0.6,0,0.6666666666666666,0.0,0.3333333333333333,0,0.625,0,0.35714285714285715,0,1.0,0,0.875,0.0,1.0,0,0.0,0.0,0.0,0,0.11764705882352941,0.0,0.16666666666666666,0,1.0,0,0.7777777777777778,0,0.1111111111111111,0,0.2631578947368421,1.0,0.75,0.0,1.0,0,0.5785066127235056
2509,Darlene Welch,0.14285714285714285,0,0.16666666666666666,1.4142135623730951,-0.5,0.0,1.0,0.0,1.0,0,1.0,0,0.75,0,0.5,0.0,1.0,0,0.6666666666666666,0.0,0.3333333333333333,0.4714045207910317,1.0,0,0.6,0,0.5,0,0.6666666666666666,0.0,0.625,1.0,0.42857142857142855,0.0,1.0,0,1.0,0.5,1.0,0,-0.25,0.0,0.16666666666666666,0.0,0.29411764705882354,0.8660254037844386,0.3333333333333333,0.0,-0.3333333333333333,0.0,0.7777777777777778,0,0.1111111111111111,0,0.05263157894736842,0.8660254037844386,1.0,0.0,1.0,0,0.5621112542861754
49202,Darlene Welch,0.14285714285714285,2.0,0.08333333333333333,0.0,-0.25,0,1.0,0.0,1.0,0,1.0,0,0.75,0,1.0,0,1.0,0,0.4444444444444444,0.0,-0.1111111111111111,0.0,1.0,0,0.5,0.0,0.8333333333333334,0.0,0.3333333333333333,0,0.5,0.0,0.5,0.0,1.0,0,0.875,0.0,1.0,0,-0.25,0.0,0.0,0,0.17647058823529413,1.5811388300841898,0.3333333333333333,0.0,0.3333333333333333,0.0,0.2222222222222222,0.4714045207910317,0.1111111111111111,0,0.21052631578947367,0.9797958971132713,1.0,0.0,1.0,0,0.5593148920117568
2246,Darlene Welch,0.0,1.5,0.0,1.5,0.0,1.5,0.6666666666666666,0.0,1.0,0,1.0,0,0.75,0,0.5,0.0,1.0,0,0.5555555555555556,0,0.1111111111111111,0.5,1.0,0,0.4,0.0,0.8333333333333334,0.0,0.5,0.0,0.5,1.5,0.35714285714285715,0,1.0,0,0.75,0.0,1.0,0,0.0,1.5,-0.16666666666666666,0.0,-0.17647058823529413,1.1661903789690602,0.5,0.0,0.3333333333333333,0.0,0.7777777777777778,0,0.1111111111111111,2.0,0.2631578947368421,1.0,0.75,0.0,1.0,0,0.6236483663267456
58305,Darlene Welch,0.14285714285714285,0,0.16666666666666666,1.4142135623730951,-0.25,0,0.8333333333333334,0,1.0,0,1.0,0,0.75,0,1.0,0,1.0,0,0.5,0.0,0.0,0.0,1.0,0,0.6,0,0.8333333333333334,0.0,0.3333333333333333,0,0.25,0.5,0.35714285714285715,0,1.0,0,0.875,1.247219128924647,1.0,0,-0.5,0.5,0.08333333333333333,0.0,0.17647058823529413,1.0,0.5,0.0,1.0,0,0.7777777777777778,0,0.3333333333333333,0.0,0.3157894736842105,0.9428090415820634,0.875,0,1.0,0,0.5367319523936841
41929,Darlene Welch,-0.14285714285714285,0.0,0.0,0.0,0.25,0.0,0.8333333333333334,0,1.0,0,1.0,0,0.75,0,1.0,0,1.0,0,0.5555555555555556,2.0,-0.1111111111111111,0.0,1.0,0,0.6,0,0.5,0,0.3333333333333333,0,0.375,0.0,0.35714285714285715,1.0,1.0,0,1.0,0.5,1.0,0,-0.25,0.0,0.0,0,-0.058823529411764705,0.9797958971132712,0.16666666666666666,0,0.3333333333333333,0.0,0.5555555555555556,0.0,0.5555555555555556,0.0,0.21052631578947367,1.299038105676658,0.875,0,1.0,0,0.583974999258449
20141,Darlene Welch,0.42857142857142855,0.0,0.16666666666666666,1.4142135623730951,0.25,0.0,0.6666666666666666,0.0,1.0,0,-0.3333333333333333,0.4714045207910317,0.75,0,0.75,0.0,1.0,0,0.3888888888888889,0.8,0.4444444444444444,0.5,1.0,0,0.5,1.699673171197595,0.0,0.5,0.5,0.9428090415820634,0.625,1.5811388300841898,0.6428571428571429,0.0,1.0,0,0.875,1.247219128924647,1.0,0,-0.5,0.5,0.0,1.5811388300841898,-0.17647058823529413,1.0088366960464616,0.5,1.5,0.3333333333333333,0.0,0.5555555555555556,0.8660254037844386,0.3333333333333333,1.247219128924647,0.05263157894736842,0.9428090415820634,0.75,0.0,1.0,0,0.530121164008255
,Stacey Schroeder,0.7142857142857143,0,-0.08333333333333333,0,-0.25,0,1.0,0,1.0,0,1.0,0,0.75,0,1.0,0,1.0,0,0.5555555555555556,0,0.1111111111111111,0,1.0,0,0.6,0,0.6666666666666666,0,1.0,0,0.75,0,0.6428571428571429,0,1.0,0,0.875,0,1.0,0,-0.25,0,0.0,0,0.058823529411764705,0,0.6666666666666666,0,0.3333333333333333,0,0.7777777777777778,0,0.1111111111111111,0,0.3684210526315789,0,0.875,0,1.0,0,0.5153922545862597
63905,Stacey Schroeder,0.42857142857142855,0.0,0.25,1.224744871391589,0.0,0.0,0.8333333333333334,0.0,1.0,0,1.0,0,0.75,0,0.25,0.5,1.0,0,0.5,1.5,0.6666666666666666,1.0954451150103321,1.0,0,0.6,0,0.8333333333333334,0.0,1.0,0,0.75,0,0.5714285714285714,0.9428090415820634,1.0,0,1.0,0.0,1.0,0,0.25,0.0,0.16666666666666666,1.624807680927192,0.29411764705882354,0.9797958971132713,0.5,1.699673171197595,0.3333333333333333,0,0.7777777777777778,0,0.3333333333333333,0.0,0.2631578947368421,1.299038105676658,0.8125,0.0,1.0,0,0.5232412233286786
48321,Stacey Schroeder,0.14285714285714285,0.0,0.16666666666666666,0.0,0.0,0.0,0.8333333333333334,0.0,1.0,0,1.0,0,0.5,0.0,1.0,0,1.0,0,0.5555555555555556,2.0,0.1111111111111111,1.4142135623730951,1.0,0,0.6,0,0.6666666666666666,0,0.3333333333333333,0.0,0.625,0.0,0.6428571428571429,0,1.0,0,0.75,0.9428090415820634,1.0,0,-0.25,0,-0.08333333333333333,1.299038105676658,-0.058823529411764705,1.299038105676658,0.5,1.5,0.6666666666666666,1.5,0.7777777777777778,0,0.3333333333333333,0.0,0.21052631578947367,1.1110243021644486,1.0,0.0,1.0,0,0.5467504886567779
1897,Stacey Schroeder,0.7142857142857143,0,0.0,0.0,-0.25,0,0.8333333333333334,0.0,1.0,0,1.0,0,0.75,0,1.0,0,1.0,0,0.6111111111111112,0.0,0.1111111111111111,0,1.0,0,0.6,0,0.6666666666666666,0,1.0,0,0.75,0,0.6428571428571429,0,1.0,0,0.875,0,1.0,0,-0.5,0.0,0.0,0,0.17647058823529413,1.247219128924647,0.6666666666666666,0,0.3333333333333333,0,0.7777777777777778,0,0.1111111111111111,0,0.3684210526315789,1.0,0.875,0,1.0,0,0.5357296315615574
2509,Stacey Schroeder,0.14285714285714285,0.0,-0.08333333333333333,1.0,0.0,0.0,0.8333333333333334,0.0,1.0,0,0.6666666666666666,0.0,0.5,0.0,1.0,0,1.0,0,0.6666666666666666,0.0,0.1111111111111111,0,1.0,0,0.6,0,0.6666666666666666,1.0,0.6666666666666666,0.0,0.75,0,0.5,0.0,1.0,0,0.875,1.0,1.0,0,-0.25,0,-0.16666666666666666,0.0,0.23529411764705882,1.118033988749895,0.3333333333333333,0.0,0.3333333333333333,2.0,0.7777777777777778,0,0.1111111111111111,0,0.3157894736842105,0.989743318610787,0.875,2.0,1.0,0,0.5931883346640754
49202,Stacey Schroeder,0.14285714285714285,0.0,-0.16666666666666666,0.0,0.0,0.0,1.0,0,1.0,0,1.0,0,0.75,0,0.5,0.0,1.0,0,0.6111111111111112,0.0,-0.2222222222222222,0.5,1.0,0,0.6,0,0.6666666666666666,0,0.3333333333333333,0.0,0.75,0,0.5714285714285714,0.0,1.0,0,1.0,0.0,1.0,0,0.25,0.0,0.16666666666666666,0.0,0.17647058823529413,0.0,0.16666666666666666,0.5,-0.3333333333333333,1.8856180831641267,0.5555555555555556,0.0,0.2222222222222222,0.0,0.3684210526315789,1.0,1.0,0.0,1.0,0,0.5707131101825176
2246,Stacey Schroeder,0.5714285714285714,0.0,-0.5,0.4714045207910317,-0.25,0,0.8333333333333334,0.0,1.0,0,0.6666666666666666,0.0,0.75,0,1.0,0,1.0,0,0.5555555555555556,2.0,-0.3333333333333333,0.0,0.5,0.0,0.6,0,0.6666666666666666,0,0.5,0.5,0.75,0,0.6428571428571429,1.0,1.0,0,0.75,0.9428090415820634,1.0,0,0.0,1.5,0.0,0,0.0,1.299038105676658,0.16666666666666666,0.5,0.6666666666666666,0.0,0.7777777777777778,0,0.1111111111111111,0,0.2631578947368421,0.0,0.875,0,1.0,0,0.5990240180533479
58305,Stacey Schroeder,0.42857142857142855,0.0,0.0,0.0,-0.25,0,1.0,0,1.0,0,1.0,0,0.75,0,0.5,0.0,1.0,0,0.6111111111111112,0.0,0.0,0.0,0.5,0.0,0.6,0,0.6666666666666666,0,1.0,0,0.75,0,0.6428571428571429,1.0,1.0,0,1.0,0.0,1.0,0,0.5,1.4142135623730951,0.0,0,-0.11764705882352941,0.5,0.5,0.0,0.3333333333333333,0,0.7777777777777778,0,0.1111111111111111,0,0.42105263157894735,0.9428090415820634,0.875,0,1.0,0,0.5667382829316183
41929,Stacey Schroeder,0.42857142857142855,1.8856180831641267,-0.16666666666666666,1.5,0.0,0.0,0.6666666666666666,0.0,1.0,0,1.0,0,0.75,0,1.0,0,1.0,0,0.6666666666666666,0.0,-0.2222222222222222,0.5,1.0,0,0.6,0,0.6666666666666666,0,0.6666666666666666,0.0,0.75,0,0.5714285714285714,0.0,1.0,0,1.0,0.0,1.0,0,0.0,1.5,0.0,0,0.23529411764705882,0.8000000000000002,-0.16666666666666666,0.4714045207910317,-0.3333333333333333,1.8856180831641267,0.7777777777777778,0,0.3333333333333333,0.0,0.3684210526315789,1.4142135623730951,0.875,0,1.0,0,0.5619485100491658
20141,Stacey Schroeder,0.5714285714285714,0.0,0.25,0.4714045207910317,0.25,0.0,0.75,0.5,0.75,0.0,0.3333333333333333,0.0,0.625,0.0,1.0,0,1.0,0,0.5,0.9428090415820634,0.2222222222222222,1.7853571071357126,1.0,0,0.6,1.4142135623730951,0.8333333333333334,0.0,0.5,0.5,0.5,0.0,0.5714285714285714,0.0,1.0,0,1.0,0.0,1.0,0,-0.25,0,-0.08333333333333333,1.5,-0.058823529411764705,1.2489995996796797,0.3333333333333333,0.0,-0.6666666666666666,1.4142135623730951,0.6666666666666666,0.9428090415820634,0.1111111111111111,2.0,0.2631578947368421,1.1605769149479943,0.6875,1.6393596310755,1.0,0,0.5456246815969232
,Christopher Hess,0.7142857142857143,0,0.16666666666666666,0,-0.25,0,1.0,0,1.0,0,1.0,0,0.75,0,1.0,0,1.0,0,0.6666666666666666,0,0.3333333333333333,0,1.0,0,0.6,0,0.6666666666666666,0,0.6666666666666666,0,1.0,0,0.5,0,1.0,0,1.0,0,1.0,0,-0.5,0,0.0,0,0.47058823529411764,0,0.6666666666666666,0,-1.0,0,0.7777777777777778,0,0.3333333333333333,0,0.42105263157894735,0,1.0,0,1.0,0,0.4530790497030821
63905,Christopher Hess,0.5714285714285714,0.0,0.3333333333333333,0.0,0.0,0.0,1.0,0,1.0,0,1.0,0,0.625,0.0,1.0,0,1.0,0,0.7222222222222222,1.699673171197595,0.7777777777777778,1.224744871391589,1.0,0,0.6,0,0.8333333333333334,0.0,0.6666666666666666,1.0,1.0,0,0.42857142857142855,0.9428090415820634,1.0,0,1.0,0,1.0,0,0.25,0.5,0.5,0.0,0.6470588235294118,1.3564659966250538,0.6666666666666666,1.4142135623730951,-0.6666666666666666,0.0,0.8888888888888888,0.0,0.5555555555555556,0.0,0.3684210526315789,1.469693845669907,1.0,0,1.0,0,0.40846717215708817
48321,Christopher Hess,0.7142857142857143,0,0.4166666666666667,0.5,-0.25,0,0.8333333333333334,0.0,1.0,0,1.0,0,0.75,0,1.0,0,1.0,0,0.7777777777777778,0.0,0.4444444444444444,1.699673171197595,1.0,0,0.6,0,0.6666666666666666,0,1.0,0.0,0.75,0.0,0.35714285714285715,0.0,1.0,0,0.875,0.0,1.0,0,-0.5,0,0.16666666666666666,1.8856180831641267,0.29411764705882354,1.1,0.8333333333333334,0.0,-1.0,0,0.7777777777777778,0,0.3333333333333333,0,0.10526315789473684,1.0,0.875,0.0,1.0,0,0.47651238333224427
1897,Christopher Hess,0.7142857142857143,0,0.16666666666666666,0,0.0,0.0,1.0,0,1.0,0,1.0,0,0.75,0,0.75,0.0,1.0,0,0.6666666666666666,0,0.3333333333333333,0,1.0,0,0.6,0,0.6666666666666666,0,0.6666666666666666,0,1.0,0,0.35714285714285715,0.0,1.0,0,1.0,0,1.0,0,-0.5,0,0.16666666666666666,0.0,0.5294117647058824,0.0,0.6666666666666666,0,-1.0,0,0.7777777777777778,0,0.3333333333333333,0,0.42105263157894735,0,1.0,0,1.0,0,0.46599970307971383
2509,Christopher Hess,0.7142857142857143,0,0.16666666666666666,0,-0.25,0,1.0,0,1.0,0,1.0,0,0.75,0,1.0,0,1.0,0,0.8888888888888888,0.0,0.1111111111111111,0.0,1.0,0,0.8,0.0,0.5,0.0,0.6666666666666666,0,1.0,0,0.2857142857142857,0.8,1.0,0,0.875,0.0,1.0,0,-0.5,0,0.3333333333333333,0.0,0.6470588235294118,1.118033988749895,0.6666666666666666,0,-1.0,0,0.7777777777777778,0,0.5555555555555556,0.0,0.3157894736842105,0.8660254037844386,1.0,0,1.0,0,0.4470973686562033
49202,Christopher Hess,0.7142857142857143,0,0.08333333333333333,0.0,-0.25,0,1.0,0,1.0,0,1.0,0,0.75,0,1.0,0,1.0,0,0.8888888888888888,0.0,0.0,0.5,1.0,0,0.6,0,0.6666666666666666,0,0.6666666666666666,0,1.0,0,0.5,1.0,1.0,0,1.0,0,1.0,0,-0.5,0,0.16666666666666666,0.0,0.4117647058823529,0.0,0.6666666666666666,0,-1.0,0,0.7777777777777778,0,0.2222222222222222,0.0,0.3157894736842105,0.0,1.0,0,1.0,0,0.4481431272698909
2246,Christopher Hess,0.5714285714285714,0.0,0.0,1.5,-0.25,0,1.0,0,1.0,0,1.0,0,0.75,0,0.75,0.0,1.0,0,0.6666666666666666,2.0,0.0,1.4142135623730951,1.0,0,0.6,0,0.6666666666666666,0,0.6666666666666666,0,1.0,0,0.35714285714285715,0.0,1.0,0,0.625,0.5,1.0,0,-0.5,0,0.0,0,0.4117647058823529,1.699673171197595,0.5,1.5,-1.0,0,0.7777777777777778,0,0.3333333333333333,0,0.3684210526315789,1.5,1.0,0,1.0,0,0.49735862917111207
58305,Christopher Hess,0.7142857142857143,0,0.25,0.0,0.0,0.0,1.0,0,1.0,0,1.0,0,0.75,0,1.0,0,1.0,0,0.6666666666666666,0,0.3333333333333333,0,1.0,0,0.6,0,0.6666666666666666,0,0.6666666666666666,0,1.0,0,0.42857142857142855,0.9428090415820634,1.0,0,0.75,0.0,1.0,0,-0.5,0,-0.08333333333333333,0.0,0.47058823529411764,1.0,0.6666666666666666,0,-1.0,0,0.7777777777777778,0,0.3333333333333333,0,0.42105263157894735,0,1.0,0,1.0,0,0.47076350209340234
41929,Christopher Hess,0.42857142857142855,0.0,0.16666666666666666,0,-0.25,0,1.0,0,1.0,0,1.0,0,0.75,0,1.0,0,1.0,0,0.6666666666666666,0,0.3333333333333333,0,1.0,0,0.6,0,0.6666666666666666,0,0.6666666666666666,0,1.0,0,0.42857142857142855,0.9428090415820634,1.0,0,1.0,0,1.0,0,-0.5,0,0.08333333333333333,1.5,0.47058823529411764,1.0,0.6666666666666666,0,-1.0,0,0.7777777777777778,0,0.4444444444444444,1.5,0.3684210526315789,1.5,1.0,0,1.0,0,0.4601407175307591
20141,Christopher Hess,0.5714285714285714,0.0,0.16666666666666666,1.4142135623730951,0.0,0.0,1.0,0,1.0,0,0.3333333333333333,0.0,0.75,0,1.0,0,1.0,0,0.7222222222222222,1.299038105676658,0.4444444444444444,1.7853571071357126,1.0,0,0.6,1.4142135623730951,0.6666666666666666,0,0.8333333333333334,1.5,0.625,0.5,0.5,0,1.0,0,1.0,0,1.0,0,-0.5,0,0.3333333333333333,1.224744871391589,0.17647058823529413,0.9921567416492215,0.8333333333333334,1.5,-0.6666666666666666,0.0,0.6666666666666666,0.9428090415820634,0.3333333333333333,2.0,0.3684210526315789,1.2133516482134197,1.0,0,1.0,0,0.446245950536486
,Corey Gibbs,0.42857142857142855,0,0.16666666666666666,0,-0.5,0,0.5,0,1.0,0,1.0,0,0.625,0,0.5,0,1.0,0,0.6111111111111112,0,0.1111111111111111,0,1.0,0,0.6,0,0.6666666666666666,0,0.5,0,0.5,0,0.42857142857142855,0,1.0,0,0.875,0,1.0,0,-0.25,0,0.08333333333333333,0,0.23529411764705882,0,0.6666666666666666,0,0.3333333333333333,0,0.5555555555555556,0,0.3333333333333333,0,0.21052631578947367,0,0.8125,0,1.0,0,0.6068647034761203
63905,Corey Gibbs,0.42857142857142855,0,-0.16666666666666666,1.224744871391589,-0.5,0,0.8333333333333334,1.224744871391589,1.0,0,0.3333333333333333,0.0,0.5,0.0,0.5,0,1.0,0,0.5555555555555556,0.0,-0.1111111111111111,1.247219128924647,1.0,0,0.7,1.5,0.6666666666666666,0,0.6666666666666666,0.0,0.5,0,0.2857142857142857,0.0,1.0,0,1.0,0.0,1.0,0,0.5,1.4142135623730951,-0.16666666666666666,0.5,0.47058823529411764,1.224744871391589,0.5,0.9428090415820634,-0.3333333333333333,0.0,0.7777777777777778,0.0,0.4444444444444444,1.5,0.42105263157894735,1.247219128924647,0.6875,1.5,1.0,0,0.6135975005700585
48321,Corey Gibbs,0.42857142857142855,0,-0.3333333333333333,1.4142135623730951,0.0,0.0,0.3333333333333333,0.0,1.0,0,1.0,0,0.25,0.5,0.5,0,1.0,0,0.5,0.0,-0.2222222222222222,1.3564659966250538,1.0,0,0.0,0.0,0.6666666666666666,0,1.0,0.5,0.25,0.0,0.35714285714285715,0.0,1.0,0,0.75,0.9428090415820634,1.0,0,0.25,0.0,-0.16666666666666666,0.5,0.11764705882352941,1.1331154474650633,-0.16666666666666666,0.4330127018922193,-0.3333333333333333,0.0,0.7777777777777778,0.0,0.2222222222222222,0.0,0.42105263157894735,1.0657403385139377,0.875,0.0,1.0,0,0.6176967812043831
1897,Corey Gibbs,0.14285714285714285,0.0,0.16666666666666666,0,-0.5,0,0.5,0,1.0,0,1.0,0,0.625,0,1.0,0.0,1.0,0,0.6111111111111112,0,0.1111111111111111,0,1.0,0,0.4,0.0,0.6666666666666666,0,0.16666666666666666,0.0,0.5,0,0.42857142857142855,0,1.0,0,1.0,0.0,1.0,0,-0.25,0,0.08333333333333333,0,0.35294117647058826,0.0,0.3333333333333333,0.0,1.0,0.0,0.7777777777777778,0.0,0.3333333333333333,0,0.42105263157894735,0.4714045207910317,0.875,0.0,1.0,0,0.5456334510814326
2509,Corey Gibbs,0.2857142857142857,1.699673171197595,0.0,1.5,-0.5,0,0.6666666666666666,1.8856180831641267,0.5,0.0,1.0,0,0.625,0,0.0,0.0,1.0,0,0.8333333333333334,0.0,0.2222222222222222,1.299038105676658,0.5,0.0,0.6,0,0.6666666666666666,0,0.8333333333333334,0.0,0.5,2.0,0.35714285714285715,0.0,1.0,0,1.0,0.0,1.0,0,-0.25,0,-0.08333333333333333,0.0,0.47058823529411764,0.9797958971132712,0.0,0.4714045207910317,-0.3333333333333333,0.0,0.7777777777777778,0.0,0.3333333333333333,0,0.15789473684210525,1.2133516482134197,1.0,0.5,1.0,0,0.6273470973285288
49202,Corey Gibbs,0.7142857142857143,0.0,0.0,1.247219128924647,0.0,0.0,0.5,0,1.0,0,1.0,0,0.5,0.0,0.5,0,1.0,0,0.6111111111111112,0,-0.3333333333333333,1.224744871391589,1.0,0,0.6,0,0.6666666666666666,0,0.5,0,0.75,0.0,0.35714285714285715,0.0,1.0,0,1.0,0.0,1.0,0,0.25,0.0,-0.16666666666666666,0.5,0.35294117647058826,0.0,0.3333333333333333,0.8660254037844386,-1.0,0.0,0.5555555555555556,2.0,0.2222222222222222,0.0,0.21052631578947367,1.4142135623730951,0.8125,0,1.0,0,0.5741860995784425
2246,Corey Gibbs,0.14285714285714285,0.0,-0.16666666666666666,1.224744871391589,-0.25,0.0,0.6666666666666666,1.8856180831641267,1.0,0,1.0,0,0.625,0,0.5,2.0,1.0,0,0.6111111111111112,1.0,0.1111111111111111,1.5811388300841898,1.0,0,0.4,0.0,0.6666666666666666,0,0.6666666666666666,1.699673171197595,0.75,0.0,0.35714285714285715,0.0,1.0,0,1.0,0.0,1.0,0,-0.25,0,0.0,0.0,0.11764705882352941,1.3743685418725538,0.16666666666666666,1.0897247358851685,1.0,0.0,0.7777777777777778,0.0,0.3333333333333333,0,0.3684210526315789,1.0897247358851685,0.75,0.0,0.5,0.5,0.6006222117718399
58305,Corey Gibbs,0.14285714285714285,0.0,0.25,0.0,-0.5,0,0.6666666666666666,0.0,1.0,0,1.0,0,0.625,0,0.25,0.0,1.0,0,0.7777777777777778,0.5,0.5555555555555556,0.4714045207910317,1.0,0,0.6,0,0.6666666666666666,0,0.5,2.0,0.5,0,0.42857142857142855,0,1.0,0,1.0,0.0,1.0,0,-0.25,0,0.0,0.0,0.17647058823529413,1.299038105676658,0.5,1.5,1.0,0.0,0.7777777777777778,0.0,0.3333333333333333,0,0.3684210526315789,0.8000000000000002,0.8125,0,0.8333333333333334,0.0,0.567718810078048
41929,Corey Gibbs,0.14285714285714285,0.0,0.3333333333333333,0.0,-0.5,0,0.6666666666666666,0.0,1.0,0,1.0,0,0.625,0,0.0,0.0,1.0,0,0.6111111111111112,0,0.5555555555555556,0.4714045207910317,1.0,0,0.8,0.0,0.6666666666666666,0,0.5,2.0,0.5,0,0.5,0.0,1.0,0,0.75,0.9428090415820634,1.0,0,-0.25,0,-0.16666666666666666,0.5,0.17647058823529413,1.469693845669907,0.6666666666666666,1.4142135623730951,0.6666666666666666,1.5,0.7777777777777778,0.0,0.3333333333333333,0,0.21052631578947367,1.0,0.875,0.0,1.0,0,0.5921105195242301
20141,Corey Gibbs,0.14285714285714285,0.0,0.16666666666666666,1.4142135623730951,-0.25,0.0,0.5,2.0,0.5,0.0,0.0,0.5,0.25,0.5,0.75,1.5,0.75,0.0,0.3888888888888889,1.0497813183356477,0.3333333333333333,0.8660254037844386,0.5,0.0,0.6,2.0,0.6666666666666666,1.0,0.3333333333333333,0.9428090415820634,0.875,0.5,0.2857142857142857,0.0,1.0,0,0.625,1.247219128924647,1.0,0,-0.25,0,-0.08333333333333333,1.247219128924647,0.11764705882352941,0.9797958971132712,0.6666666666666666,1.0,-0.3333333333333333,1.247219128924647,0.4444444444444444,1.299038105676658,0.4444444444444444,1.7853571071357126,0.21052631578947367,1.1952286093343936,0.4375,0.5,0.8333333333333334,0.0,0.6598344175299934
,Brandon Bates,0.7142857142857143,0,0.25,0,0.25,0,0.75,0,1.0,0,1.0,0,0.625,0,0.5,0,1.0,0,0.6111111111111112,0,0.1111111111111111,0,1.0,0,0.8,0,0.6666666666666666,0,0.6666666666666666,0,0.875,0,0.6428571428571429,0,1.0,0,0.75,0,1.0,0,0.5,0,0.16666666666666666,0,0.23529411764705882,0,0.6666666666666666,0,-1.0,0,0.7777777777777778,0,0.3333333333333333,0,0.47368421052631576,0,1.0,0,1.0,0,0.5188964148253502
63905,Brandon Bates,0.42857142857142855,0.0,0.0,1.0897247358851685,0.25,1.0,0.5833333333333334,1.247219128924647,0.75,0.0,0.6666666666666666,0.0,0.5,0.0,0.0,0.0,1.0,0,0.5555555555555556,0.0,0.6666666666666666,1.5491933384829668,0.75,0.0,1.0,0.0,0.6666666666666666,0,1.0,0.0,1.0,0.0,0.7142857142857143,0.0,1.0,0,0.75,1.0,1.0,0,0.75,0.0,0.16666666666666666,1.5811388300841898,0.47058823529411764,1.224744871391589,0.6666666666666666,1.0,-1.0,0,0.6666666666666666,0.0,0.5555555555555556,0.0,0.3157894736842105,1.2936264483053452,0.875,0.0,1.0,0,0.5034286180652489
48321,Brandon Bates,0.7142857142857143,0,0.3333333333333333,1.299038105676658,0.25,0,0.5,1.7435595774162693,0.5,0.0,1.0,0,0.5,0.0,0.5,0,1.0,0,0.7222222222222222,0.0,0.2222222222222222,1.699673171197595,0.5,0.0,0.8,0,0.6666666666666666,0,1.0,0.0,0.875,0,0.6428571428571429,0,1.0,0,0.625,0.0,0.75,0.0,0.25,1.5,0.08333333333333333,1.5723301886761005,0.17647058823529413,1.165922381636102,0.5,1.5,-1.0,0,0.7777777777777778,0,0.4444444444444444,0.0,0.21052631578947367,1.1605769149479943,0.625,0.0,1.0,0,0.5910411119817891
1897,Brandon Bates,0.7142857142857143,0,0.25,0,-0.25,0.0,0.8333333333333334,0.0,1.0,0,1.0,0,0.75,0.0,0.5,0,1.0,0,0.6111111111111112,0,0.1111111111111111,0,1.0,0,0.8,0,0.6666666666666666,0,0.6666666666666666,0,0.875,0,0.6428571428571429,0,1.0,0,0.75,0,1.0,0,0.5,0,0.3333333333333333,0.0,0.4117647058823529,1.0897247358851685,0.6666666666666666,0,-1.0,0,0.7777777777777778,0,0.3333333333333333,0,0.47368421052631576,0,1.0,0,1.0,0,0.5035658398483747
2509,Brandon Bates,0.42857142857142855,0.0,0.4166666666666667,1.5,0.5,0.0,1.0,0.5,1.0,0,1.0,0,0.5,0.0,1.0,0.0,1.0,0,0.9444444444444444,0.0,0.1111111111111111,2.0,1.0,0,0.8,0,0.8333333333333334,0.0,1.0,0.0,1.0,0.0,0.6428571428571429,0,1.0,0,0.75,0,1.0,0,-0.25,1.4142135623730951,0.4166666666666667,1.3564659966250538,0.7647058823529411,0.816496580927726,0.6666666666666666,0,-1.0,0,1.0,0.0,0.2222222222222222,0.0,0.3157894736842105,0.0,1.0,0,1.0,0,0.38063727630691574
49202,Brandon Bates,0.7142857142857143,0,0.16666666666666666,0.0,-0.25,1.247219128924647,0.9166666666666666,1.247219128924647,1.0,0,1.0,0,0.75,0.0,1.0,0.0,1.0,0,0.6111111111111112,0,0.3333333333333333,0.0,1.0,0,0.8,0,0.6666666666666666,0,1.0,0.0,1.0,0.0,0.7142857142857143,0.0,1.0,0,0.875,0.0,1.0,0,0.25,1.5,0.25,0.9428090415820634,0.4117647058823529,1.4142135623730951,0.6666666666666666,0,-1.0,0,0.7777777777777778,0,0.4444444444444444,0.0,0.42105263157894735,0.0,1.0,0,1.0,0,0.4297805040503153
2246,Brandon Bates,0.7142857142857143,0,0.5833333333333334,0.4714045207910317,-0.25,0.0,0.8333333333333334,0.0,1.0,0,1.0,0,0.625,0,0.0,0.0,1.0,0,0.7222222222222222,0.0,0.0,0.0,1.0,0,0.8,0,0.8333333333333334,0.0,0.6666666666666666,0,1.0,0.0,0.7142857142857143,0.0,1.0,0,0.875,0.0,1.0,0,0.5,0,0.25,0.9428090415820634,0.35294117647058826,0.0,0.5,0.0,-1.0,0,0.7777777777777778,0,0.3333333333333333,0,0.42105263157894735,0.0,1.0,0,1.0,0,0.4705962876541027
58305,Brandon Bates,0.42857142857142855,0.0,0.16666666666666666,0.0,-0.5,0.0,0.8333333333333334,0.0,1.0,0,1.0,0,0.625,0,0.0,0.0,1.0,0,0.6111111111111112,0,0.1111111111111111,0,1.0,0,0.8,0,0.6666666666666666,0,0.6666666666666666,0,1.0,0.0,0.7142857142857143,0.0,1.0,0,0.75,0,1.0,0,0.25,0.0,0.16666666666666666,1.0,0.11764705882352941,1.3743685418725538,0.6666666666666666,0,-1.0,0,0.7777777777777778,0,0.3333333333333333,0,0.47368421052631576,1.0,1.0,0,1.0,0,0.49731784723790345
41929,Brandon Bates,0.42857142857142855,0.0,0.08333333333333333,0.0,0.25,1.0,0.5,1.4142135623730951,1.0,0,1.0,0,0.625,0,0.5,0,1.0,0,0.6111111111111112,0,0.0,0.0,1.0,0,0.8,0,0.6666666666666666,0,0.6666666666666666,0,1.0,0.0,0.6428571428571429,0,1.0,0,0.875,0.0,1.0,0,0.25,1.5,0.3333333333333333,1.247219128924647,0.4117647058823529,0.5,0.6666666666666666,0,-1.0,0,0.7777777777777778,0,0.4444444444444444,0.0,0.5263157894736842,0.9428090415820634,0.875,0.0,1.0,0,0.5250431671831717
20141,Brandon Bates,0.2857142857142857,0.5,0.6666666666666666,0.4330127018922193,0.0,0.9428090415820634,0.5,1.0897247358851685,0.75,0.0,1.0,0,0.625,1.0,0.5,1.0,1.0,0,0.5,0.8660254037844386,0.4444444444444444,1.0897247358851685,0.75,0.0,0.6,0.0,0.5,0.0,0.5,0.0,0.875,0,0.5714285714285714,0.9428090415820634,1.0,0,0.75,1.0,1.0,0,-0.5,0.0,0.25,1.299038105676658,0.0,1.067940011315521,0.6666666666666666,1.4142135623730951,-1.0,0,0.4444444444444444,0.0,0.2222222222222222,0.9428090415820634,0.21052631578947367,0.8314794192830981,0.75,0.4714045207910317,0.8333333333333334,0.0,0.5013327546435753
,Sara Banks,0.7142857142857143,0,0.3333333333333333,0,-0.5,0,0.6666666666666666,0,0.5,0,1.0,0,0.75,0,1.0,0,1.0,0,0.8333333333333334,0,0.2222222222222222,0,0.5,0,0.8,0,0.8333333333333334,0,0.6666666666666666,0,0.875,0,0.6428571428571429,0,1.0,0,0.875,0,1.0,0,0.0,0,0.3333333333333333,0,0.058823529411764705,0,0.6666666666666666,0,-1.0,0,0.8888888888888888,0,0.3333333333333333,0,0.2631578947368421,0,0.8125,0,1.0,0,0.5240939761946194
63905,Sara Banks,0.42857142857142855,0.0,0.16666666666666666,0.0,-0.25,0.0,0.5833333333333334,1.699673171197595,1.0,0.0,1.0,0,0.75,0,0.5,0.0,1.0,0,0.5555555555555556,0.4714045207910317,0.6666666666666666,0.4714045207910317,1.0,0.0,1.0,0.0,0.8333333333333334,0,0.8333333333333334,0.9428090415820634,0.625,1.247219128924647,0.7142857142857143,0.0,1.0,0,0.875,1.0,1.0,0,0.25,1.5,-0.08333333333333333,0.4714045207910317,0.5294117647058824,1.1055415967851332,0.6666666666666666,0,-0.3333333333333333,0.0,0.7777777777777778,0.0,0.6666666666666666,0.5,0.5263157894736842,1.1605769149479943,0.5625,0.4714045207910317,0.8333333333333334,0.0,0.5367487673097371
48321,Sara Banks,0.42857142857142855,0.0,0.4166666666666667,0.9428090415820634,0.25,0.5,0.8333333333333334,1.8856180831641267,1.0,0.0,0.6666666666666666,0.0,0.5,0.0,1.0,0,1.0,0,0.6111111111111112,0.4714045207910317,0.1111111111111111,0.9428090415820634,1.0,0.0,0.8,0,0.6666666666666666,0.0,0.6666666666666666,1.0,0.625,1.247219128924647,0.7142857142857143,0.0,1.0,0,0.875,1.0,0.75,0.0,0.0,1.0,0.08333333333333333,1.4142135623730951,-0.11764705882352941,1.4086784586980805,0.5,0.9428090415820634,-0.3333333333333333,0.0,0.6666666666666666,0.0,0.3333333333333333,0,0.10526315789473684,0.9035079029052513,0.8125,2.0,1.0,0,0.5578823772404274
1897,Sara Banks,0.7142857142857143,0,0.3333333333333333,2.0,-0.5,0,0.6666666666666666,0,0.5,0,1.0,0,0.75,0,1.0,0,1.0,0,0.8333333333333334,0,0.2222222222222222,0,0.5,0,0.6,0.0,0.8333333333333334,0,0.6666666666666666,0,1.0,0.0,0.6428571428571429,0,1.0,0,1.0,0.0,1.0,0,0.0,0,0.08333333333333333,0.5,0.0,1.299038105676658,0.6666666666666666,0,-0.3333333333333333,0.0,0.6666666666666666,0.0,0.3333333333333333,0,0.42105263157894735,0.5,0.8125,0,1.0,0,0.5499696190014259
2509,Sara Banks,0.14285714285714285,0.0,0.25,0.0,0.0,0.0,0.8333333333333334,0.0,1.0,0.0,1.0,0,0.5,0.0,1.0,0,1.0,0,0.6666666666666666,0.5,0.3333333333333333,0.0,1.0,0.0,0.6,1.8856180831641267,0.6666666666666666,0.0,0.6666666666666666,1.4142135623730951,0.75,0.0,0.7857142857142857,0.0,1.0,0,0.875,1.0,1.0,0,-0.25,0.0,-0.16666666666666666,0.0,0.4117647058823529,0.8000000000000002,0.16666666666666666,0.5,0.3333333333333333,0.0,0.7777777777777778,0.0,-0.1111111111111111,0.0,0.0,1.1605769149479943,0.75,1.5,1.0,0,0.5661759689720728
49202,Sara Banks,0.7142857142857143,0,0.25,0.0,0.0,0.0,0.8333333333333334,0.0,1.0,0.0,1.0,0,0.5,0.0,1.0,0,1.0,0,0.5555555555555556,0.4714045207910317,-0.1111111111111111,0.5,1.0,0.0,0.6,0.0,0.6666666666666666,0.0,0.3333333333333333,0.0,1.0,0.0,0.5714285714285714,0.0,1.0,0,0.875,1.0,1.0,0,0.25,0.0,0.5,0.0,0.058823529411764705,1.0,0.3333333333333333,0.0,-0.3333333333333333,0.0,0.4444444444444444,0.4714045207910317,0.3333333333333333,0,0.3157894736842105,1.699673171197595,0.8125,0,1.0,0,0.5478441821521997
2246,Sara Banks,0.42857142857142855,0.0,0.3333333333333333,0,-0.25,0.0,0.8333333333333334,0.0,0.5,0,0.6666666666666666,0.0,0.5,0.0,1.0,0,1.0,0,0.5555555555555556,0.4714045207910317,0.1111111111111111,0.0,0.0,0.0,0.8,0,0.8333333333333334,0,0.6666666666666666,1.0,0.75,0.9428090415820634,0.7142857142857143,0.0,1.0,0,0.875,1.0,1.0,0,-0.25,0.0,-0.08333333333333333,0.4714045207910317,-0.23529411764705882,1.4846149779161804,0.6666666666666666,0,-0.3333333333333333,0.0,0.6666666666666666,0.0,0.3333333333333333,0,0.15789473684210525,1.3743685418725538,0.875,1.699673171197595,1.0,0,0.6159919394366629
58305,Sara Banks,0.7142857142857143,0,0.3333333333333333,0,-0.25,0.0,0.6666666666666666,2.0,0.5,0,1.0,0,0.75,0,0.5,0.0,1.0,0,0.7777777777777778,0.0,0.1111111111111111,0.0,0.5,0,0.8,0,0.8333333333333334,0,0.6666666666666666,0,0.875,0,0.7142857142857143,0.0,1.0,0,0.875,1.0,1.0,0,0.25,0.0,0.0,0.4714045207910317,0.23529411764705882,1.3564659966250536,0.6666666666666666,0,-1.0,0,0.7777777777777778,0.0,0.5555555555555556,0.0,0.42105263157894735,1.3564659966250538,1.0,0.5,1.0,0,0.5468798725048704
41929,Sara Banks,0.7142857142857143,2.0,0.4166666666666667,0.0,-0.25,0.0,0.3333333333333333,0.0,0.5,0,1.0,0,0.75,0,1.0,0,1.0,0,0.7777777777777778,0.0,0.4444444444444444,1.2,0.5,0,0.8,0,0.8333333333333334,0,0.3333333333333333,0.0,0.875,0,0.7142857142857143,0.0,1.0,0,0.875,1.0,1.0,0,-0.5,0.0,0.3333333333333333,0,0.47058823529411764,0.4898979485566356,0.5,1.5,-0.3333333333333333,0.0,0.7777777777777778,0.0,0.5555555555555556,0.0,0.3157894736842105,0.9428090415820634,0.8125,0,1.0,0,0.5682489416404526
20141,Sara Banks,0.2857142857142857,0.0,0.3333333333333333,1.4142135623730951,0.5,0.4714045207910317,0.75,1.699673171197595,0.5,1.4142135623730951,0.6666666666666666,0.0,-0.25,0.4898979485566356,1.0,0,0.75,0.0,0.5,0.4000000000000001,0.5555555555555556,1.3564659966250536,1.0,0.0,0.5,0.0,0.6666666666666666,0.0,0.16666666666666666,0.0,0.75,1.5,0.35714285714285715,0.4714045207910317,1.0,0,0.75,0.9428090415820634,1.0,0,-0.25,0.0,0.25,1.699673171197595,0.4117647058823529,1.2162606385262997,0.5,1.299038105676658,-0.6666666666666666,0.0,0.6666666666666666,0.0,0.5555555555555556,1.247219128924647,0.2631578947368421,1.1547005383792515,0.75,1.299038105676658,1.0,0,0.5154959872475279
,Phillip Holt,1.0,0,0.4166666666666667,0,-0.25,0,1.0,0,1.0,0,1.0,0,0.75,0,1.0,0,1.0,0,0.6666666666666666,0,0.4444444444444444,0,1.0,0,0.6,0,0.6666666666666666,0,1.0,0,0.75,0,0.6428571428571429,0,1.0,0,0.875,0,1.0,0,-0.25,0,0.3333333333333333,0,0.11764705882352941,0,0.8333333333333334,0,-1.0,0,0.7777777777777778,0,0.3333333333333333,0,0.15789473684210525,0,1.0,0,1.0,0,0.40722494186709085
63905,Phillip Holt,0.42857142857142855,0.0,0.08333333333333333,1.7320508075688772,-0.25,0,0.5,0.0,1.0,0,1.0,0,0.75,0,0.5,0.0,1.0,0,0.6111111111111112,1.5,0.4444444444444444,2.0,1.0,0,0.8,0.0,0.8333333333333334,0.0,1.0,0,0.75,0,0.7142857142857143,0.9797958971132713,1.0,0,0.75,0.0,1.0,0,0.75,0.4714045207910317,0.6666666666666666,0.0,0.5294117647058824,0.4898979485566356,0.5,0.0,-1.0,0,0.7777777777777778,0,0.5555555555555556,0.0,0.42105263157894735,1.0954451150103321,0.75,0.4714045207910317,1.0,0,0.48793447626024855
48321,Phillip Holt,0.7142857142857143,0.0,0.3333333333333333,1.299038105676658,0.5,0.5,0.9166666666666666,0.0,1.0,0,1.0,0,0.75,0,1.0,0,1.0,0,0.5,0.0,0.2222222222222222,1.247219128924647,1.0,0,0.7,0.0,0.8333333333333334,0.0,0.8333333333333334,0.0,0.75,1.0,0.6428571428571429,1.0,1.0,0,0.875,0,1.0,0,0.0,0.0,0.3333333333333333,1.5811388300841898,0.0,1.3360853142453697,0.6666666666666666,1.5,-1.0,0,0.6666666666666666,0.0,0.3333333333333333,0,0.2631578947368421,0.9682458365518543,0.6875,0.4714045207910317,1.0,0,0.4752482009414186
1897,Phillip Holt,1.0,0,0.4166666666666667,0,-0.25,0,1.0,0,1.0,0,1.0,0,0.75,0,0.5,0.0,1.0,0,0.6666666666666666,0,0.4444444444444444,0,1.0,0,0.6,0,0.6666666666666666,0,1.0,0,0.75,0,0.6428571428571429,0,1.0,0,0.875,0,1.0,0,0.25,0.0,0.25,0.0,0.29411764705882354,0.8000000000000002,0.8333333333333334,0,-1.0,0,0.7777777777777778,0,0.3333333333333333,0,0.3684210526315789,0.0,1.0,0,1.0,0,0.4375362093210308
2509,Phillip Holt,0.8571428571428571,0.0,0.25,1.247219128924647,0.0,0.0,1.0,0,1.0,0,1.0,0,0.75,0,0.5,0.0,1.0,0,0.8333333333333334,0.5,0.2222222222222222,0.0,1.0,0,0.8,0.0,0.6666666666666666,0,0.8333333333333334,0.0,0.5,0.0,0.6428571428571429,0,1.0,0,1.0,0.0,1.0,0,0.0,0.0,0.6666666666666666,0.0,0.6470588235294118,0.9359663764533638,0.16666666666666666,0.4714045207910317,-0.6666666666666666,0.0,1.0,0.0,0.2222222222222222,0.0,0.10526315789473684,0.9797958971132713,1.0,0,1.0,0,0.4459880621836623
49202,Phillip Holt,0.7142857142857143,0.0,0.25,1.247219128924647,0.0,0.0,0.9166666666666666,0.0,1.0,0,1.0,0,0.75,0,1.0,0,1.0,0,0.6666666666666666,1.0,0.2222222222222222,0.0,1.0,0,0.6,0,0.8333333333333334,0.0,1.0,0,1.0,0.0,0.7142857142857143,0.0,1.0,0,1.0,0.0,1.0,0,0.0,0.0,0.5,0.0,0.23529411764705882,1.2000000000000002,0.5,0.0,-1.0,0,0.7777777777777778,0,0.3333333333333333,0,0.2631578947368421,1.2,1.0,0,1.0,0,0.42355990272093835
2246,Phillip Holt,0.7142857142857143,0.0,0.25,1.247219128924647,-0.25,0,1.0,0,1.0,0,1.0,0,0.75,0,0.5,0.0,1.0,0,0.6666666666666666,1.0,0.3333333333333333,0.0,0.5,0.0,0.6,0,0.6666666666666666,0,1.0,0,0.875,0.0,0.6428571428571429,1.0,1.0,0,0.875,0,1.0,0,0.0,0.0,0.25,0.0,0.058823529411764705,0.9797958971132713,0.6666666666666666,0.0,-1.0,0,0.7777777777777778,0,0.5555555555555556,0.0,0.2631578947368421,1.247219128924647,1.0,0,1.0,0,0.4899094492477394
58305,Phillip Holt,1.0,0,0.3333333333333333,0.0,-0.5,0.0,1.0,0,1.0,0,1.0,0,0.75,0,0.5,0.0,1.0,0,0.6666666666666666,1.0,0.4444444444444444,0,1.0,0,0.8,0.0,0.6666666666666666,0,1.0,0,0.625,0.0,0.7142857142857143,0.0,1.0,0,0.875,0,1.0,0,0.0,0.0,0.25,0.0,0.29411764705882354,1.0897247358851685,0.8333333333333334,0,-1.0,0,0.8888888888888888,0.0,0.3333333333333333,0,0.3157894736842105,0.5,1.0,0,1.0,0,0.41250773873046054
41929,Phillip Holt,0.42857142857142855,0.0,0.16666666666666666,0.5,0.0,0.0,1.0,0,1.0,0,1.0,0,0.75,0,0.5,0.0,1.0,0,0.7222222222222222,0.0,0.3333333333333333,0.0,1.0,0,0.7,0.0,0.8333333333333334,0.0,1.0,0,0.5,0.0,0.6428571428571429,1.0,1.0,0,1.0,0.0,1.0,0,-0.25,1.0,0.4166666666666667,1.5,0.47058823529411764,0.8329931278350428,0.6666666666666666,0.0,0.0,0.5,0.7777777777777778,0,0.5555555555555556,0.0,0.3157894736842105,1.0897247358851685,1.0,0,1.0,0,0.47521656969999054
20141,Phillip Holt,0.7142857142857143,0.0,0.4166666666666667,1.4142135623730951,0.0,1.699673171197595,0.5833333333333334,0.4714045207910317,1.0,0,1.0,0,0.5,0.0,1.0,0,0.75,0.0,0.4444444444444444,1.0497813183356477,0.5555555555555556,0.0,1.0,0,0.5,1.699673171197595,0.6666666666666666,0,0.8333333333333334,0.0,0.5,0.8660254037844386,0.7142857142857143,0.9428090415820634,1.0,0,0.875,1.0,1.0,0,-0.25,1.0,0.25,1.2133516482134197,0.17647058823529413,1.286204100310025,0.5,0.0,-0.6666666666666666,0.0,0.5555555555555556,0.8660254037844386,0.5555555555555556,0.0,0.2631578947368421,1.1134044285378082,0.5625,0.4330127018922193,0.8333333333333334,0.0,0.4908603495448533
,Thomas Gibson,0.14285714285714285,0,-0.08333333333333333,0,-0.25,0,0.6666666666666666,0,1.0,0,1.0,0,0.625,0,1.0,0,1.0,0,0.5555555555555556,0,0.1111111111111111,0,1.0,0,0.4,0,0.8333333333333334,0,0.3333333333333333,0,0.5,0,0.6428571428571429,0,1.0,0,0.75,0,1.0,0,0.25,0,0.0,0,0.17647058823529413,0,0.16666666666666666,0,0.3333333333333333,0,0.6666666666666666,0,0.3333333333333333,0,0.42105263157894735,0,0.75,0,1.0,0,0.590812987713028
63905,Thomas Gibson,0.14285714285714285,0,0.16666666666666666,0.5,0.25,0.0,0.8333333333333334,0.0,1.0,0,0.6666666666666666,0.0,0.75,0.0,0.5,0.0,1.0,0,0.6666666666666666,1.247219128924647,0.3333333333333333,1.5,0.5,0.0,0.6,0.0,0.6666666666666666,0.0,0.3333333333333333,0,0.5,0,0.5,0.0,1.0,0,0.875,1.5,1.0,0,0.0,0.0,-0.08333333333333333,0.0,0.35294117647058826,1.247219128924647,0.5,0.0,1.0,0.0,0.8888888888888888,0.0,0.4444444444444444,1.5,0.3684210526315789,1.2133516482134197,0.6875,1.699673171197595,1.0,0,0.6033779295138563
48321,Thomas Gibson,0.42857142857142855,0.0,-0.16666666666666666,1.699673171197595,0.0,0.0,0.5,1.8856180831641267,1.0,0,1.0,0,0.625,0,1.0,0,1.0,0,0.4444444444444444,0.0,0.0,1.699673171197595,1.0,0,0.8,0.0,0.6666666666666666,0.0,0.5,1.5,0.625,0.0,0.5,0.0,1.0,0,0.5,0.0,1.0,0,-0.25,0.0,0.0,1.4142135623730951,0.058823529411764705,0.9682458365518543,0.16666666666666666,1.0,-0.3333333333333333,0.0,0.5555555555555556,1.5,0.2222222222222222,0.0,0.21052631578947367,0.0,0.625,1.8856180831641267,1.0,0,0.6038710838690485
1897,Thomas Gibson,0.14285714285714285,0,-0.08333333333333333,0,-0.25,0,0.6666666666666666,0,1.0,0,1.0,0,0.75,0.0,0.5,0.0,1.0,0,0.5555555555555556,0,0.0,0.0,1.0,0,0.4,0,0.8333333333333334,0,0.3333333333333333,0,0.5,0,0.6428571428571429,1.4142135623730951,1.0,0,0.75,0,1.0,0,0.0,0.0,0.0,0,0.17647058823529413,0,0.16666666666666666,0,0.3333333333333333,0,0.6666666666666666,0,0.3333333333333333,0,0.3684210526315789,0.0,0.75,0,1.0,0,0.6128639829939782
2509,Thomas Gibson,0.42857142857142855,0.0,-0.25,0.0,-0.5,0.0,0.8333333333333334,0.0,1.0,0,1.0,0,0.625,0,0.5,0.0,1.0,0,0.7777777777777778,1.7320508075688772,0.0,1.5,1.0,0,0.4,0,0.6666666666666666,0.0,0.3333333333333333,0,0.75,0.0,0.5,0.0,1.0,0,1.0,0.0,1.0,0,-0.25,0.0,0.16666666666666666,0.0,0.23529411764705882,0.9797958971132713,0.5,0.0,0.3333333333333333,0,0.4444444444444444,0.0,0.1111111111111111,0.0,0.15789473684210525,0.6998542122237652,0.875,0.0,1.0,0,0.5859267613306908
49202,Thomas Gibson,0.42857142857142855,0.0,0.16666666666666666,0.5,0.0,0.0,0.6666666666666666,2.0,1.0,0,1.0,0,0.625,0,1.0,0,1.0,0,0.6666666666666666,0.0,0.1111111111111111,1.4142135623730951,1.0,0,0.4,0,0.8333333333333334,0,0.3333333333333333,0,0.5,0,0.5,0.0,1.0,0,0.875,1.5,1.0,0,0.0,0.0,0.16666666666666666,0.0,0.17647058823529413,1.0,0.3333333333333333,0.0,0.3333333333333333,0,0.5555555555555556,1.5,0.1111111111111111,0.0,0.42105263157894735,1.0,0.75,0,1.0,0,0.5837871857981248
2246,Thomas Gibson,0.2857142857142857,0.0,-0.25,0.0,-0.25,0,0.6666666666666666,2.0,1.0,0,1.0,0,0.625,0,1.0,0,1.0,0,0.5555555555555556,0,0.0,1.5,1.0,0,0.6,0.0,0.8333333333333334,0,0.5,0.0,0.5,0,0.5,0.0,1.0,0,0.75,0,1.0,0,-0.5,0.5,0.08333333333333333,0.0,0.0,1.0897247358851685,0.6666666666666666,0.0,0.3333333333333333,1.0,0.7777777777777778,0.0,0.1111111111111111,0.0,0.42105263157894735,1.0,0.75,0,1.0,0,0.5590629337519599
58305,Thomas Gibson,0.14285714285714285,0,0.0,0.0,-0.25,0,0.8333333333333334,0.0,1.0,0,1.0,0,0.75,0.0,0.5,0.0,1.0,0,0.5555555555555556,0,0.3333333333333333,0.0,1.0,0,0.4,0,0.8333333333333334,0,0.3333333333333333,0,0.5,0,0.6428571428571429,0,1.0,0,1.0,0.0,1.0,0,-0.5,0.5,-0.08333333333333333,0.0,0.29411764705882354,1.624807680927192,0.6666666666666666,0.0,0.3333333333333333,0,0.6666666666666666,0,0.3333333333333333,0,0.3684210526315789,0.0,0.875,0.0,1.0,0,0.5860050860969925
41929,Thomas Gibson,0.14285714285714285,0,-0.5,0.4714045207910317,0.0,0.0,0.8333333333333334,0.0,1.0,0,1.0,0,0.75,0.0,0.5,0.0,1.0,0,0.6666666666666666,0.0,0.0,1.699673171197595,1.0,0,0.6,0.0,0.6666666666666666,0.0,0.6666666666666666,0.0,0.625,0.0,0.42857142857142855,0.5,1.0,0,1.0,0.0,1.0,0,-0.5,0.5,0.16666666666666666,0.0,0.17647058823529413,1.0,-0.16666666666666666,1.247219128924647,1.0,0.0,0.6666666666666666,0,0.3333333333333333,0,0.3157894736842105,1.299038105676658,0.75,0,1.0,0,0.570686866381961
20141,Thomas Gibson,0.42857142857142855,0.0,0.08333333333333333,1.247219128924647,0.25,0.0,0.8333333333333334,1.8856180831641267,1.0,0,0.3333333333333333,0.0,0.75,0.0,0.0,0.4714045207910317,1.0,0,0.3888888888888889,1.118033988749895,0.4444444444444444,1.0897247358851685,1.0,0,0.1,0.5,0.5,0.0,0.5,0.0,0.625,1.7853571071357126,0.5,1.699673171197595,1.0,0,0.875,1.5,1.0,0,0.0,1.5,0.0,2.0,0.058823529411764705,1.1134044285378082,0.3333333333333333,0.0,0.0,1.5,0.5555555555555556,0.9428090415820634,0.4444444444444444,1.8330302779823362,0.42105263157894735,1.0,0.6875,1.699673171197595,1.0,0,0.5617736449286461
,Monica Bell,0.7142857142857143,0,0.08333333333333333,0,0.0,0,0.8333333333333334,0,1.0,0,1.0,0,0.75,0,0.5,0,1.0,0,0.5555555555555556,0,0.1111111111111111,0,1.0,0,0.8,0,0.6666666666666666,0,1.0,0,1.0,0,0.7142857142857143,0,1.0,0,0.875,0,1.0,0,0.0,0,-0.25,0,0.11764705882352941,0,0.6666666666666666,0,-1.0,0,0.7777777777777778,0,0.1111111111111111,0,0.42105263157894735,0,0.625,0,1.0,0,0.5156879587298372
63905,Monica Bell,0.14285714285714285,0.0,-0.08333333333333333,1.624807680927192,-0.25,0.0,0.8333333333333334,1.4142135623730951,1.0,0,1.0,0,0.5,0.0,0.5,0,1.0,0,0.6111111111111112,1.5,0.3333333333333333,1.624807680927192,1.0,0,0.8,0,0.6666666666666666,0,0.3333333333333333,0.0,1.0,0,0.7857142857142857,1.299038105676658,1.0,0,1.0,0.0,1.0,0,0.75,0.5,-0.08333333333333333,0.0,0.47058823529411764,1.0,0.3333333333333333,1.247219128924647,0.3333333333333333,0.0,0.7777777777777778,0,0.4444444444444444,0.5,0.5789473684210527,1.4086784586980805,0.9375,1.299038105676658,1.0,0,0.511742856940869
48321,Monica Bell,0.14285714285714285,0.0,-0.08333333333333333,1.3743685418725535,0.25,0.0,0.8333333333333334,0,1.0,0,1.0,0,0.375,0.5,1.0,0.0,1.0,0,0.5555555555555556,1.0,0.2222222222222222,0.9428090415820634,1.0,0,0.8,0,0.6666666666666666,0,0.5,0.5,0.625,0.5,0.7857142857142857,0.9428090415820634,1.0,0,0.875,1.0,1.0,0,-0.25,1.5,-0.08333333333333333,0.0,0.058823529411764705,1.355261854357877,0.5,1.5,1.0,0.0,0.7777777777777778,0,0.2222222222222222,1.699673171197595,0.3157894736842105,1.1605769149479943,0.75,0.0,1.0,0,0.5172100493227946
1897,Monica Bell,0.42857142857142855,0.0,-0.08333333333333333,0.0,0.0,0,0.8333333333333334,0,1.0,0,1.0,0,0.75,0,0.5,0,1.0,0,0.4444444444444444,0.0,0.1111111111111111,0,1.0,0,0.8,0,0.8333333333333334,0.0,1.0,0,1.0,0,0.7142857142857143,0,1.0,0,0.75,0.0,1.0,0,0.0,0,-0.25,0,0.17647058823529413,0.0,0.6666666666666666,0,-0.3333333333333333,0.0,0.7777777777777778,0,0.1111111111111111,0,0.3684210526315789,0.0,0.625,0,1.0,0,0.5475185968704893
2509,Monica Bell,0.42857142857142855,0.0,-0.25,0.0,0.0,0,0.5833333333333334,0.5,1.0,0,1.0,0,0.75,0,1.0,0.0,1.0,0,0.7777777777777778,1.224744871391589,0.1111111111111111,0,1.0,0,0.6,0.0,0.6666666666666666,1.0,1.0,0,0.625,0.5,0.7142857142857143,1.0,1.0,0,1.0,0.0,1.0,0,-0.25,1.5,0.16666666666666666,0.4714045207910317,0.47058823529411764,0.9428090415820634,0.6666666666666666,0,-0.6666666666666666,0.0,0.7777777777777778,0,0.1111111111111111,2.0,0.3157894736842105,0.9428090415820634,0.6875,1.5,1.0,0,0.5075041851007442
49202,Monica Bell,0.7142857142857143,0,-0.16666666666666666,0.5,0.0,1.0,0.75,0.0,1.0,0,1.0,0,0.75,0,1.0,0.0,1.0,0,0.6111111111111112,1.5,-0.1111111111111111,0.0,1.0,0,0.8,0,0.6666666666666666,0,0.6666666666666666,0.0,1.0,0,0.7857142857142857,1.299038105676658,1.0,0,0.875,0,1.0,0,-0.5,0.0,-0.3333333333333333,0.0,0.29411764705882354,1.5,0.6666666666666666,0,-0.6666666666666666,0.0,0.7777777777777778,0,0.2222222222222222,1.699673171197595,0.21052631578947367,0.0,0.875,0.0,1.0,0,0.5007547323797044
2246,Monica Bell,0.42857142857142855,0.0,-0.4166666666666667,0.5,0.0,1.0,0.8333333333333334,0,1.0,0,1.0,0,1.0,0.0,0.5,0,1.0,0,0.6111111111111112,1.5,-0.2222222222222222,0.5,0.5,0.0,0.6,0.0,0.6666666666666666,0,1.0,0,1.0,0,0.7142857142857143,1.4142135623730951,1.0,0,0.75,0.0,1.0,0,0.25,0.0,-0.25,1.0,0.058823529411764705,0.9797958971132713,0.16666666666666666,0.5,-1.0,0,0.7777777777777778,0,-0.1111111111111111,0.0,0.21052631578947367,0.0,0.875,0.0,1.0,0,0.5140772554406982
58305,Monica Bell,0.42857142857142855,0.0,-0.08333333333333333,0.0,0.25,0.0,0.8333333333333334,0,1.0,0,1.0,0,0.5,0.0,0.5,0,1.0,0,0.5555555555555556,0,0.1111111111111111,0,0.5,0.0,0.8,0,0.8333333333333334,0.0,1.0,0,1.0,0,0.7142857142857143,1.4142135623730951,1.0,0,0.875,0,1.0,0,0.25,0.0,-0.16666666666666666,0.0,0.11764705882352941,1.0,0.6666666666666666,0,-0.3333333333333333,0.0,0.7777777777777778,0,0.1111111111111111,0,0.42105263157894735,1.0,0.75,0.0,1.0,0,0.5623460174615887
41929,Monica Bell,0.42857142857142855,0.0,-0.3333333333333333,0.4714045207910317,0.25,0.0,0.75,0.0,1.0,0,1.0,0,0.75,0,1.0,0.0,1.0,0,0.6666666666666666,0.0,0.1111111111111111,0,1.0,0,0.8,0,0.6666666666666666,0,1.0,0,1.0,0,0.6428571428571429,1.299038105676658,1.0,0,1.0,0.0,1.0,0,0.25,0.0,-0.3333333333333333,0.0,0.35294117647058826,0.4714045207910317,0.6666666666666666,0,-1.0,0,0.6666666666666666,0.0,0.3333333333333333,0.0,0.2631578947368421,1.118033988749895,0.75,0.0,1.0,0,0.4736830025678675
20141,Monica Bell,0.0,0.4714045207910317,0.25,1.4846149779161804,0.0,1.4142135623730951,0.5,0.0,1.0,0,0.3333333333333333,0.0,0.5,0.8660254037844386,0.75,1.5,1.0,0,0.3888888888888889,1.2936264483053452,0.3333333333333333,1.8856180831641267,1.0,0,0.6,0.0,0.5,0.0,0.16666666666666666,0.4714045207910317,0.25,0.5,0.7142857142857143,1.2649110640673518,1.0,0,1.0,0.0,1.0,0,-0.5,0.0,0.08333333333333333,0.0,0.23529411764705882,1.1331154474650633,0.5,1.699673171197595,-0.3333333333333333,0.0,0.5555555555555556,0.8660254037844386,0.5555555555555556,0.0,0.15789473684210525,0.6998542122237652,0.5,0.0,1.0,0,0.5573356264660851
,Peggy Lang,0.14285714285714285,0,0.16666666666666666,0,0.0,0,0.75,0,1.0,0,0.3333333333333333,0,0.75,0,0.5,0,1.0,0,0.6111111111111112,0,0.2222222222222222,0,1.0,0,0.4,0,0.6666666666666666,0,0.6666666666666666,0,0.5,0,0.7857142857142857,0,1.0,0,1.0,0,0.75,0,-0.5,0,0.0,0,0.17647058823529413,0,0.16666666666666666,0,-1.0,0,0.4444444444444444,0,0.1111111111111111,0,0.3684210526315789,0,0.9375,0,1.0,0,0.5861890990785419
63905,Peggy Lang,0.14285714285714285,2.0,0.6666666666666666,0.5,-0.5,0.0,0.8333333333333334,1.699673171197595,0.5,0.0,1.0,0.0,0.75,0,1.0,0.0,1.0,0,0.7777777777777778,1.0897247358851685,0.5555555555555556,0.0,0.5,0.0,0.6,0.0,0.6666666666666666,0,0.3333333333333333,0.0,0.5,0,0.7142857142857143,1.299038105676658,1.0,0,1.0,0,0.75,0,0.0,0.0,-0.16666666666666666,0.0,0.5882352941176471,0.7806247497997998,0.6666666666666666,1.3564659966250538,-0.3333333333333333,0.0,0.8888888888888888,0.4714045207910317,0.3333333333333333,0.0,0.42105263157894735,1.2133516482134197,0.9375,1.0,1.0,0,0.5973990918517373
48321,Peggy Lang,0.14285714285714285,2.0,0.3333333333333333,1.5,0.25,1.699673171197595,0.8333333333333334,0.0,1.0,0,0.0,0.0,0.625,0.0,1.0,0.0,1.0,0,0.7222222222222222,0.0,0.2222222222222222,2.0,1.0,0,0.3,1.299038105676658,0.6666666666666666,0,0.6666666666666666,2.0,0.75,0.0,0.9285714285714286,0.0,1.0,0,0.875,0.0,0.75,1.0,0.0,0.0,0.08333333333333333,1.299038105676658,0.17647058823529413,1.1952286093343936,-0.16666666666666666,0.0,-0.3333333333333333,0.0,0.7777777777777778,0.5,0.1111111111111111,0,0.2631578947368421,1.3360853142453697,0.875,0.0,1.0,0,0.553061980000599
1897,Peggy Lang,0.14285714285714285,0,0.16666666666666666,0,0.0,0,0.8333333333333334,0.0,1.0,0,0.6666666666666666,0.0,0.75,0,0.5,0,1.0,0,0.6666666666666666,0.0,0.2222222222222222,0,1.0,0,0.4,0,0.6666666666666666,0,0.6666666666666666,0,0.25,0.0,0.7857142857142857,0,1.0,0,1.0,0,1.0,0.0,-0.5,0,-0.16666666666666666,0.0,0.23529411764705882,0.0,0.16666666666666666,0,-1.0,0,0.7777777777777778,0.5,0.1111111111111111,0,0.3157894736842105,0.0,0.9375,0,1.0,0,0.5562498425978787
2509,Peggy Lang,0.14285714285714285,2.0,0.4166666666666667,0.5,-0.25,0.0,0.75,1.0,0.75,0.0,0.0,0.0,0.625,0.0,0.0,0.0,1.0,0,0.6111111111111112,1.0,0.5555555555555556,0.8000000000000002,0.75,0.0,0.2,0.0,0.6666666666666666,0,0.5,1.5,0.5,1.4142135623730951,0.6428571428571429,0.0,1.0,0,0.875,0.0,1.0,0.0,0.0,0.0,0.0,1.0,0.058823529411764705,1.3743685418725538,0.5,1.5,0.3333333333333333,0.0,0.4444444444444444,1.4142135623730951,0.1111111111111111,1.4142135623730951,0.05263157894736842,0.8329931278350429,0.875,1.5,0.8333333333333334,0.0,0.641811997338931
49202,Peggy Lang,0.2857142857142857,0.0,0.25,0.0,0.0,0,0.75,0,1.0,0,-0.3333333333333333,0.0,0.625,0.0,0.5,0,1.0,0,0.6666666666666666,0.9428090415820634,0.3333333333333333,0.0,1.0,0,0.4,0,0.6666666666666666,0,0.6666666666666666,0,0.5,0,0.7857142857142857,1.4142135623730951,1.0,0,1.0,0,1.0,0.0,-0.25,0.0,0.16666666666666666,0.0,0.23529411764705882,1.469693845669907,0.6666666666666666,0.5,-0.3333333333333333,0.0,0.4444444444444444,2.0,0.1111111111111111,0,0.3157894736842105,1.299038105676658,1.0,0.0,1.0,0,0.5904473193669564
2246,Peggy Lang,0.42857142857142855,0.0,0.4166666666666667,0.5,0.25,0.0,0.5833333333333334,0.0,0.5,0.0,0.3333333333333333,2.0,0.75,0,0.5,2.0,1.0,0,0.6666666666666666,0.9428090415820634,0.4444444444444444,0.0,0.25,0.5,0.5,1.5,0.6666666666666666,0,0.8333333333333334,0.0,0.5,0,0.5,0.0,1.0,0,0.875,0.0,0.75,0,-0.5,0,-0.16666666666666666,0.0,0.0,1.2936264483053452,0.6666666666666666,0.5,0.3333333333333333,0.0,0.6666666666666666,0.0,0.1111111111111111,0,0.21052631578947367,1.2936264483053452,0.9375,1.0,1.0,0,0.6635234032569721
58305,Peggy Lang,0.14285714285714285,0,0.16666666666666666,0,-0.5,0.0,0.8333333333333334,0.0,1.0,0,0.6666666666666666,0.0,0.75,0,0.0,0.0,1.0,0,0.6666666666666666,0.9428090415820634,0.5555555555555556,0.5,1.0,0,0.4,0,0.6666666666666666,0,1.0,0.0,0.5,0,0.7857142857142857,0,1.0,0,1.0,0,1.0,0.0,-0.5,0,-0.08333333333333333,0.0,0.11764705882352941,1.5,0.3333333333333333,0.0,-0.6666666666666666,0.0,0.5555555555555556,0.0,0.1111111111111111,0,0.3684210526315789,1.0,0.9375,0,1.0,0,0.5466824558873807
41929,Peggy Lang,0.14285714285714285,0,0.3333333333333333,0.0,-0.5,0.0,0.75,1.0,0.75,0.0,1.0,0.0,0.75,0,1.0,0.0,1.0,0,0.7222222222222222,0.0,0.3333333333333333,0.9428090415820634,0.75,0.0,0.8,0.0,0.5,0.0,0.6666666666666666,0,0.5,0,0.7142857142857143,0.0,1.0,0,1.0,0,1.0,0.0,-0.25,0.0,0.0,1.0,0.29411764705882354,0.0,0.5,0.0,-1.0,0,0.7777777777777778,0.5,0.0,0.0,0.5263157894736842,0.0,1.0,0.0,1.0,0,0.5190447599494353
20141,Peggy Lang,0.2857142857142857,1.299038105676658,0.08333333333333333,1.2133516482134197,-0.5,1.247219128924647,0.4166666666666667,1.247219128924647,0.5,0.0,0.0,0.9428090415820634,0.625,0.0,0.5,0,0.75,0.0,0.3333333333333333,0.8907235428302466,0.3333333333333333,1.4523687548277813,0.75,0.0,0.4,1.4142135623730951,0.6666666666666666,1.0,0.5,1.299038105676658,0.5,0,0.7857142857142857,1.4142135623730951,1.0,0,0.75,0.0,1.0,0.0,-0.25,0.0,-0.4166666666666667,0.8975274678557507,-0.11764705882352941,0.6998542122237652,0.8333333333333334,0.9797958971132713,-0.6666666666666666,0.0,0.5555555555555556,0.9797958971132713,0.2222222222222222,1.5,0.3157894736842105,0.989743318610787,0.75,1.0897247358851685,0.8333333333333334,0.0,0.5558433266276166
,Mary Bernard,0.42857142857142855,0,-0.08333333333333333,0,0.25,0,0.6666666666666666,0,1.0,0,1.0,0,0.625,0,0.5,0,1.0,0,0.6666666666666666,0,0.1111111111111111,0,0.5,0,0.8,0,0.8333333333333334,0,0.6666666666666666,0,0.75,0,0.6428571428571429,0,1.0,0,1.0,0,1.0,0,0.25,0,-0.25,0,0.4117647058823529,0,0.3333333333333333,0,0.3333333333333333,0,0.8888888888888888,0,0.1111111111111111,0,0.47368421052631576,0,0.8125,0,1.0,0,0.5835384039725593
63905,Mary Bernard,0.42857142857142855,2.0,0.0,1.5,0.25,0,0.5,0.0,1.0,0,1.0,0,0.5,0.0,0.0,0.0,1.0,0,0.6666666666666666,1.4142135623730951,0.2222222222222222,1.8330302779823362,1.0,0.0,0.8,0,0.6666666666666666,0.0,0.6666666666666666,2.0,1.0,0.0,0.8571428571428571,0.0,1.0,0,0.75,0.0,1.0,0,0.5,0.0,0.08333333333333333,0.4714045207910317,0.47058823529411764,1.2133516482134197,0.6666666666666666,1.8856180831641267,0.3333333333333333,2.0,0.5555555555555556,0.5,0.5555555555555556,0.0,0.3684210526315789,1.1605769149479943,0.8125,1.0,1.0,0,0.5584107032955694
48321,Mary Bernard,0.14285714285714285,0.0,0.08333333333333333,1.5,0.25,0,0.5,0.0,1.0,0,1.0,0,0.5,0.0,1.0,0.0,1.0,0,0.6111111111111112,0.9428090415820634,-0.1111111111111111,1.247219128924647,1.0,0.0,0.8,0,0.6666666666666666,0.0,0.3333333333333333,0.0,0.75,0,0.7857142857142857,1.5,1.0,0,1.0,0,1.0,0,0.25,1.4142135623730951,0.0,0.0,0.0,1.165922381636102,0.3333333333333333,1.0,1.0,0.0,0.7777777777777778,0.0,0.2222222222222222,0.0,0.3157894736842105,1.1110243021644486,0.75,1.5,1.0,0,0.529431111590355
1897,Mary Bernard,0.42857142857142855,0,-0.3333333333333333,0.5,0.25,0,0.6666666666666666,0,1.0,0,1.0,0,0.625,0,0.5,0,1.0,0,0.5555555555555556,0.0,0.1111111111111111,0,0.5,0,0.8,0,0.8333333333333334,0,0.6666666666666666,0,0.75,0,0.8571428571428571,0.0,1.0,0,1.0,0,1.0,0,0.25,0,-0.25,1.0,0.35294117647058826,0.9428090415820634,0.3333333333333333,0,-0.3333333333333333,0.0,0.8888888888888888,0,0.1111111111111111,0,0.5263157894736842,0.0,0.8125,0,1.0,0,0.581978854077416
2509,Mary Bernard,-0.14285714285714285,0.0,-0.16666666666666666,1.5,0.25,0,0.5,1.5,0.75,0.0,1.0,0,0.5,0.0,1.0,0.0,1.0,0,0.7777777777777778,1.247219128924647,0.1111111111111111,0,0.25,0.0,0.6,0.0,0.6666666666666666,0.0,0.6666666666666666,0,0.5,0.0,0.6428571428571429,1.4142135623730951,1.0,0,0.875,0.0,1.0,0,-0.25,1.247219128924647,-0.25,1.0,0.47058823529411764,1.165922381636102,0.3333333333333333,0,0.3333333333333333,0,0.8888888888888888,0,-0.1111111111111111,0.0,0.3157894736842105,0.0,0.6875,1.247219128924647,1.0,0,0.6031326610297217
49202,Mary Bernard,0.14285714285714285,0.0,-0.16666666666666666,0.0,0.0,0.0,1.0,0.0,1.0,0,1.0,0,0.75,0.0,1.0,0.0,1.0,0,0.6666666666666666,1.0,0.1111111111111111,0,1.0,0.0,0.8,0,0.8333333333333334,0,0.6666666666666666,0,0.5,0.0,0.7857142857142857,0.8660254037844386,1.0,0,1.0,0,1.0,0,0.25,1.4142135623730951,-0.16666666666666666,0.0,0.29411764705882354,1.299038105676658,0.3333333333333333,0,-0.3333333333333333,0.0,0.5555555555555556,0.5,0.4444444444444444,0.5,0.42105263157894735,0.0,1.0,0.5,1.0,0,0.5151201302703156
2246,Mary Bernard,0.42857142857142855,2.0,-0.6666666666666666,0.4330127018922193,-0.5,0.5,0.8333333333333334,0.0,1.0,0,1.0,0,0.5,0.0,0.0,0.0,1.0,0,0.6666666666666666,1.0,-0.2222222222222222,0.5,0.5,0,0.8,0,0.6666666666666666,0.0,1.0,0.0,1.0,0.0,0.7142857142857143,1.299038105676658,1.0,0,0.875,0.0,1.0,0,0.0,0.0,-0.16666666666666666,0.0,0.35294117647058826,0.0,0.16666666666666666,1.699673171197595,-1.0,0.0,0.7777777777777778,0.0,0.1111111111111111,2.0,0.15789473684210525,0.5,0.875,1.699673171197595,1.0,0,0.5491750878141597
58305,Mary Bernard,0.14285714285714285,0.0,-0.25,0.0,0.0,0.0,0.6666666666666666,0,1.0,0,1.0,0,0.75,0.0,0.5,0,1.0,0,0.6111111111111112,0.9428090415820634,0.1111111111111111,0,0.5,0,0.8,0,0.8333333333333334,0,0.6666666666666666,0,1.0,0.0,0.6428571428571429,0,1.0,0,1.0,0,1.0,0,0.5,0.0,-0.3333333333333333,0.0,0.29411764705882354,1.1605769149479943,0.3333333333333333,0,-0.3333333333333333,0.0,0.7777777777777778,0.0,0.3333333333333333,0.0,0.47368421052631576,1.0,0.875,0.0,1.0,0,0.5665420859578665
41929,Mary Bernard,0.7142857142857143,1.8856180831641267,-0.25,1.5,0.0,0.0,0.6666666666666666,2.0,1.0,0,1.0,0,0.75,0.0,1.0,0.0,1.0,0,0.6666666666666666,1.5811388300841898,0.2222222222222222,1.5,1.0,0.0,0.8,0,0.6666666666666666,0.0,1.0,0.0,0.75,0,0.7857142857142857,0.0,1.0,0,0.75,0.0,1.0,0,0.0,0.0,0.0,0.5,0.47058823529411764,1.4696938456699071,0.5,1.5,-1.0,0.0,0.6666666666666666,0.0,0.5555555555555556,0.0,0.3684210526315789,1.2000000000000002,1.0,0.5,1.0,0,0.4847002754653005
20141,Mary Bernard,0.42857142857142855,1.0,0.4166666666666667,0.5,0.0,0.0,0.6666666666666666,1.4142135623730951,0.75,0.0,1.0,0,0.25,0.0,1.0,0.0,0.75,0.0,0.3888888888888889,0.4330127018922193,0.2222222222222222,1.469693845669907,1.0,0.0,0.6,0.0,0.5,0.0,0.3333333333333333,1.247219128924647,0.625,1.299038105676658,0.5,0.0,1.0,0,0.875,0.0,1.0,0,0.0,1.699673171197595,0.08333333333333333,0.4714045207910317,0.17647058823529413,1.0657403385139377,0.3333333333333333,1.2649110640673518,-0.6666666666666666,0.5,0.6666666666666666,0.0,0.5555555555555556,1.224744871391589,0.42105263157894735,0.9797958971132713,0.625,1.4142135623730951,1.0,0,0.5277834965252924
,Adam Evans,0.42857142857142855,0,-0.08333333333333333,0,-0.25,0,1.0,0,1.0,0,1.0,0,0.75,0,1.0,0,1.0,0,0.5555555555555556,0,-0.1111111111111111,0,1.0,0,0.6,0,0.6666666666666666,0,1.0,0,0.625,0,0.42857142857142855,0,1.0,0,0.75,0,1.0,0,-0.25,0,0.5,0,0.0,0,0.3333333333333333,0,-0.3333333333333333,0,0.7777777777777778,0,0.1111111111111111,0,0.42105263157894735,0,1.0,0,1.0,0,0.5126804029862344
63905,Adam Evans,-0.42857142857142855,0.0,0.16666666666666666,1.6393596310755,-0.25,0,1.0,0,1.0,0,1.0,0,0.625,0.0,0.5,0.0,1.0,0,0.5555555555555556,0,0.3333333333333333,1.4696938456699067,1.0,0,0.5,0.0,0.6666666666666666,0,0.0,0.0,0.5,0.0,0.7142857142857143,0.0,1.0,0,0.5,1.5,1.0,0,-0.5,0.0,0.0,0.0,0.058823529411764705,1.3202482931462383,0.3333333333333333,1.6733200530681511,-0.3333333333333333,2.0,0.7777777777777778,0,0.3333333333333333,0.0,0.42105263157894735,1.3228756555322954,0.9375,0.0,1.0,0,0.5997030112737128
48321,Adam Evans,0.42857142857142855,0,-0.16666666666666666,1.5,0.25,0.0,1.0,0,1.0,0,0.6666666666666666,0.0,0.75,0,0.75,0.0,1.0,0,0.3333333333333333,0.0,-0.1111111111111111,1.4142135623730951,1.0,0,0.4,0.0,0.6666666666666666,0,0.6666666666666666,0.0,0.5,0.0,0.5,0.0,1.0,0,0.625,1.699673171197595,1.0,0,-0.25,0,0.16666666666666666,0.0,0.23529411764705882,1.049781318335648,0.6666666666666666,0.0,-0.3333333333333333,2.0,0.5555555555555556,0.0,0.1111111111111111,0,0.10526315789473684,1.233150906022776,0.875,0.0,1.0,0,0.6136256404093328
1897,Adam Evans,0.42857142857142855,0,-0.08333333333333333,0,0.0,0.0,1.0,0,1.0,0,1.0,0,0.75,0,1.0,0,1.0,0,0.5555555555555556,0,-0.1111111111111111,0,1.0,0,0.5,0.0,0.6666666666666666,0,1.0,0,0.625,0,0.42857142857142855,0,1.0,0,0.875,0.0,1.0,0,-0.25,0,0.3333333333333333,0.0,-0.11764705882352941,0.0,0.3333333333333333,0,-0.3333333333333333,0,0.7777777777777778,0,0.1111111111111111,0,0.47368421052631576,1.5,1.0,0,1.0,0,0.497460690558245
2509,Adam Evans,0.14285714285714285,0.0,0.0,1.699673171197595,0.0,0.0,1.0,0,1.0,0,1.0,0,0.75,0,1.0,0,1.0,0,0.8888888888888888,0.0,0.2222222222222222,0.5,1.0,0,0.6,0,0.6666666666666666,0,1.0,0,0.75,0.0,0.2857142857142857,0.0,1.0,0,1.0,0.0,0.75,0.0,-0.25,0,0.16666666666666666,0.0,0.058823529411764705,1.2133516482134197,0.5,0.0,-0.3333333333333333,0,0.7777777777777778,0,0.1111111111111111,0,0.3684210526315789,1.165922381636102,0.9375,0.0,1.0,0,0.5158324896295418
49202,Adam Evans,0.42857142857142855,0,0.0,0.0,-0.5,0.0,1.0,0,1.0,0,1.0,0,0.75,0,0.5,0.0,1.0,0,0.7777777777777778,0.0,-0.1111111111111111,1.0,1.0,0,0.4,0.0,0.6666666666666666,0,0.8333333333333334,0.0,0.5,0.0,0.35714285714285715,0.0,1.0,0,1.0,0.0,1.0,0,-0.25,0,0.3333333333333333,0.0,0.11764705882352941,1.2,0.5,0.0,-0.3333333333333333,0,0.5555555555555556,0.0,0.2222222222222222,0.0,0.3157894736842105,1.2,1.0,0,1.0,0,0.5411096172791123
2246,Adam Evans,0.42857142857142855,0,-0.08333333333333333,0,-0.25,0,1.0,0,1.0,0,1.0,0,0.625,0.0,0.5,0.0,1.0,0,0.4444444444444444,0.0,0.0,0.0,1.0,0,0.4,0.0,0.6666666666666666,0,1.0,0,0.375,0.0,0.35714285714285715,0.0,1.0,0,0.75,2.0,1.0,0,-0.25,0,0.16666666666666666,0.0,-0.058823529411764705,1.4523687548277813,0.5,0.0,-1.0,0.0,0.5555555555555556,0.0,0.1111111111111111,2.0,0.21052631578947367,0.9797958971132713,0.875,0.0,0.6666666666666666,0.0,0.5764178314358266
58305,Adam Evans,0.42857142857142855,0,-0.08333333333333333,0,-0.25,0,1.0,0,1.0,0,1.0,0,0.75,0,0.5,0.0,1.0,0,0.7222222222222222,0.5,-0.1111111111111111,0,1.0,0,0.6,0,0.3333333333333333,0.0,1.0,0,0.25,0.5,0.35714285714285715,0.0,1.0,0,0.75,2.0,1.0,0,-0.25,0,0.3333333333333333,0.0,0.17647058823529413,1.2936264483053452,0.3333333333333333,0,-0.3333333333333333,0,0.8888888888888888,0.0,0.1111111111111111,0,0.5263157894736842,1.247219128924647,1.0,0,1.0,0,0.5408903913335193
41929,Adam Evans,0.42857142857142855,0,0.08333333333333333,0.0,-0.25,0,1.0,0,1.0,0,1.0,0,0.75,0,0.5,0.0,1.0,0,0.5555555555555556,2.0,0.1111111111111111,0.0,1.0,0,0.5,0.0,0.6666666666666666,0,1.0,0,0.75,0.0,0.42857142857142855,1.4142135623730951,1.0,0,0.75,1.0,1.0,0,-0.25,0,0.3333333333333333,0.0,0.29411764705882354,0.8975274678557507,0.6666666666666666,0.0,-1.0,0.0,0.5555555555555556,0.0,0.2222222222222222,0.0,0.42105263157894735,1.5811388300841898,1.0,0,1.0,0,0.49585371923825267
20141,Adam Evans,0.42857142857142855,2.0,0.3333333333333333,1.1605769149479943,-0.25,1.4142135623730951,0.8333333333333334,0.0,1.0,0,0.6666666666666666,0.0,0.625,0.0,1.0,0,1.0,0,0.2222222222222222,0.4,0.5555555555555556,0.5,1.0,0,0.7,1.5,0.5,0.0,0.6666666666666666,0.0,0.375,0.0,0.42857142857142855,0,1.0,0,0.75,1.4142135623730951,1.0,0,0.0,0.0,0.16666666666666666,0.0,-0.17647058823529413,0.9428090415820634,0.6666666666666666,1.5,-0.3333333333333333,1.0,0.4444444444444444,0.0,0.1111111111111111,1.4142135623730951,0.05263157894736842,1.1874342087037917,0.875,0.0,1.0,0,0.5314046343147473
,Lisa Spencer,0.7142857142857143,0,0.3333333333333333,0,-0.25,0,1.0,0,1.0,0,1.0,0,0.75,0,1.0,0,1.0,0,0.6666666666666666,0,0.4444444444444444,0,1.0,0,0.4,0,0.6666666666666666,0,1.0,0,0.25,0,0.42857142857142855,0,1.0,0,1.0,0,1.0,0,-0.25,0,0.3333333333333333,0,0.058823529411764705,0,0.8333333333333334,0,-1.0,0,0.5555555555555556,0,0.1111111111111111,0,0.5263157894736842,0,1.0,0,1.0,0,0.4457278514925273
63905,Lisa Spencer,0.5714285714285714,0.0,0.6666666666666666,0.4714045207910317,-0.25,0,0.9166666666666666,0.0,1.0,0,1.0,0,0.625,0.0,0.25,0.5,1.0,0,0.6666666666666666,2.0,0.7777777777777778,1.3564659966250538,1.0,0,0.4,0,0.5,0.0,0.5,0.5,0.5,0.0,0.42857142857142855,0,1.0,0,0.75,0.0,1.0,0,-0.5,0.0,0.3333333333333333,0,0.29411764705882354,1.0657403385139377,0.8333333333333334,1.0,-0.6666666666666666,0.0,0.7777777777777778,0.0,0.3333333333333333,0.0,0.3157894736842105,1.3425606637327303,0.9375,0.0,1.0,0,0.5427799684652553
48321,Lisa Spencer,0.7142857142857143,2.0,0.3333333333333333,1.0,0.0,0.0,1.0,0,1.0,0,0.3333333333333333,0.0,0.75,0,1.0,0,1.0,0,0.5555555555555556,0.0,0.5555555555555556,0.9428090415820634,1.0,0,0.4,2.0,0.6666666666666666,0,1.0,0,0.625,1.4142135623730951,0.35714285714285715,0.0,1.0,0,0.625,0.5,1.0,0,-0.25,0,0.16666666666666666,1.8856180831641267,-0.17647058823529413,1.2,0.6666666666666666,0.0,-1.0,0,0.5555555555555556,0,0.5555555555555556,0.0,0.10526315789473684,0.4714045207910317,0.875,0.0,1.0,0,0.5374694914991437
1897,Lisa Spencer,0.7142857142857143,0,0.4166666666666667,0.0,0.0,0.0,1.0,0,1.0,0,1.0,0,0.75,0,1.0,0,1.0,0,0.6666666666666666,0,0.5555555555555556,0.9428090415820634,1.0,0,0.4,0,0.6666666666666666,0,1.0,0,0.25,0,0.42857142857142855,0,1.0,0,1.0,0,1.0,0,-0.25,0,0.3333333333333333,2.0,0.058823529411764705,1.0,0.6666666666666666,0.0,0.3333333333333333,0.0,0.5555555555555556,0,0.1111111111111111,0,0.47368421052631576,0.0,1.0,0,1.0,0,0.4795381309626575
2509,Lisa Spencer,0.7142857142857143,0,0.3333333333333333,1.0,-0.25,0,1.0,0,1.0,0,1.0,0,0.75,0,1.0,0,1.0,0,0.7777777777777778,0.0,0.3333333333333333,1.299038105676658,1.0,0,0.4,2.0,0.6666666666666666,0,0.6666666666666666,0.0,0.625,0.5,0.21428571428571427,0.0,1.0,0,0.875,0.0,1.0,0,-0.5,0.0,0.3333333333333333,2.0,0.058823529411764705,1.1952286093343936,0.6666666666666666,0.0,-0.3333333333333333,0.0,0.7777777777777778,0.0,0.1111111111111111,0,0.3684210526315789,0.0,0.875,0.0,1.0,0,0.5427713836539448
49202,Lisa Spencer,1.0,0.0,0.5833333333333334,0.5,0.25,0.0,1.0,0,1.0,0,1.0,0,0.75,0,1.0,0,1.0,0,0.7777777777777778,0.0,0.6666666666666666,0.0,1.0,0,0.2,0.0,0.6666666666666666,0,1.0,0,0.25,0,0.35714285714285715,0.0,1.0,0,0.875,0.0,1.0,0,-0.25,0,0.3333333333333333,2.0,0.17647058823529413,0.9428090415820634,0.8333333333333334,0,-1.0,0,0.3333333333333333,0.0,0.1111111111111111,0,0.3684210526315789,0.5,1.0,0,1.0,0,0.43569243078897274
2246,Lisa Spencer,0.7142857142857143,0,0.4166666666666667,1.299038105676658,0.0,0.0,1.0,0,1.0,0,0.6666666666666666,0.0,0.75,0,1.0,0,1.0,0,0.5555555555555556,0.0,0.4444444444444444,1.0,1.0,0,0.2,0.0,0.6666666666666666,0,1.0,0,0.5,0.0,0.42857142857142855,0,1.0,0,0.75,0.0,1.0,0,-0.5,0.0,-0.16666666666666666,0.0,0.11764705882352941,1.2133516482134197,0.5,0.0,-0.6666666666666666,0.0,0.5555555555555556,0,0.3333333333333333,0.0,0.2631578947368421,1.0954451150103321,1.0,0,1.0,0,0.5232823133701971
58305,Lisa Spencer,0.7142857142857143,0,0.25,0.0,0.0,0.0,1.0,0,1.0,0,1.0,0,0.75,0,1.0,0,1.0,0,0.5555555555555556,0.0,0.3333333333333333,0.9428090415820634,1.0,0,0.4,0,0.6666666666666666,0,1.0,0,0.5,0.0,0.42857142857142855,0,1.0,0,0.75,0.0,1.0,0,-0.5,0.0,0.3333333333333333,2.0,0.0,0.9428090415820634,0.3333333333333333,0.0,-1.0,0,0.5555555555555556,0,0.1111111111111111,0,0.5263157894736842,1.0,1.0,0,1.0,0,0.46765653795237283
41929,Lisa Spencer,1.0,0.0,0.4166666666666667,0.0,-0.25,0,1.0,0,1.0,0,1.0,0,0.75,0,1.0,0,1.0,0,0.6666666666666666,0,0.6666666666666666,0.0,1.0,0,0.4,0,0.6666666666666666,0,1.0,0,0.25,0,0.35714285714285715,0.0,1.0,0,0.75,0.0,1.0,0,-0.5,0.0,0.25,0.0,0.17647058823529413,1.247219128924647,1.0,0.0,-1.0,0,0.5555555555555556,0,0.1111111111111111,0,0.47368421052631576,0.9428090415820634,1.0,0,1.0,0,0.43395472216089387
20141,Lisa Spencer,0.42857142857142855,1.8856180831641267,0.5,0.8660254037844386,-0.5,0.0,0.8333333333333334,0.0,1.0,0,0.0,0.5,0.75,0,1.0,0,1.0,0,0.3333333333333333,1.1661903789690602,0.7777777777777778,0.0,1.0,0,0.6,1.8856180831641267,0.3333333333333333,0.0,0.6666666666666666,0.0,0.875,1.299038105676658,0.42857142857142855,1.0,1.0,0,0.875,0.0,1.0,0,-0.5,0.0,0.16666666666666666,1.247219128924647,-0.058823529411764705,1.299038105676658,0.6666666666666666,1.5,0.0,0.5,0.5555555555555556,1.5811388300841898,0.1111111111111111,1.4142135623730951,0.15789473684210525,0.9258200997725514,0.75,0.0,0.8333333333333334,0.0,0.5718429072424063
,James Lambert DVM,1.0,0,0.4166666666666667,0,-0.5,0,1.0,0,1.0,0,1.0,0,0.75,0,1.0,0,1.0,0,0.6666666666666666,0,0.7777777777777778,0,1.0,0,0.2,0,0.6666666666666666,0,1.0,0,0.375,0,0.42857142857142855,0,1.0,0,0.75,0,1.0,0,0.0,0,0.16666666666666666,0,0.058823529411764705,0,1.0,0,-1.0,0,0.7777777777777778,0,0.3333333333333333,0,0.3157894736842105,0,0.875,0,1.0,0,0.4365386653665232
63905,James Lambert DVM,0.7142857142857143,0.0,0.4166666666666667,1.4142135623730951,0.0,0.0,1.0,0,1.0,0,1.0,0,0.75,0,1.0,0,1.0,0,0.6111111111111112,1.699673171197595,0.7777777777777778,2.0,1.0,0,0.6,0.0,0.6666666666666666,1.0,0.6666666666666666,0.0,0.75,1.4142135623730951,0.6428571428571429,0.0,1.0,0,0.875,1.5,1.0,0,-0.25,0.0,0.25,0.9428090415820634,0.35294117647058826,0.8975274678557507,0.16666666666666666,0.4714045207910317,0.3333333333333333,0.0,0.7777777777777778,0,0.3333333333333333,0,0.42105263157894735,0.9428090415820634,0.875,2.0,1.0,0,0.512863550253731
48321,James Lambert DVM,1.0,0,0.5833333333333334,1.247219128924647,0.0,0.0,1.0,0,1.0,0,1.0,0,0.75,0,0.5,0.0,1.0,0,0.4444444444444444,0.0,0.5555555555555556,0.0,1.0,0,0.2,0,0.6666666666666666,0,1.0,0,0.375,1.0,0.42857142857142855,1.0,1.0,0,0.375,0.0,1.0,0,0.0,0,0.16666666666666666,1.2649110640673518,-0.11764705882352941,1.118033988749895,0.6666666666666666,0.0,-1.0,0,0.3333333333333333,0.0,0.2222222222222222,1.5,0.2631578947368421,0.989743318610787,0.875,2.0,1.0,0,0.48264510622562995
1897,James Lambert DVM,1.0,0,0.4166666666666667,0,-0.5,0,1.0,0,1.0,0,1.0,0,0.75,0,1.0,0,1.0,0,0.6666666666666666,0,0.7777777777777778,0,1.0,0,0.4,0.0,0.6666666666666666,0,1.0,0,0.375,0,0.42857142857142855,0,1.0,0,1.0,0.0,1.0,0,0.0,0,0.16666666666666666,0,0.058823529411764705,1.0,1.0,0,-1.0,0,0.5555555555555556,0.0,0.1111111111111111,0.0,0.3157894736842105,0,0.875,0,1.0,0,0.4185044141423668
2509,James Lambert DVM,1.0,0,0.3333333333333333,0.0,0.0,0.0,1.0,0,1.0,0,1.0,0,0.875,0.0,1.0,0,1.0,0,0.8888888888888888,0.0,0.6666666666666666,0.0,1.0,0,0.6,0.0,0.5,0.0,1.0,0,0.5,1.5,0.42857142857142855,0,1.0,0,1.0,0.0,1.0,0,-0.25,0.0,0.25,0.9428090415820634,0.29411764705882354,0.0,0.8333333333333334,0.0,-1.0,0,0.7777777777777778,0,0.1111111111111111,0.0,0.15789473684210525,0.9035079029052512,1.0,0.0,1.0,0,0.3982565202607415
49202,James Lambert DVM,1.0,0,0.3333333333333333,0.0,0.0,0.0,1.0,0,1.0,0,1.0,0,0.75,0,1.0,0,1.0,0,0.7777777777777778,1.8856180831641267,0.7777777777777778,0,1.0,0,0.4,0.0,0.8333333333333334,0.0,1.0,0,0.5,0.0,0.42857142857142855,0,1.0,0,1.0,0.0,1.0,0,0.0,0,0.5,0.4714045207910317,0.29411764705882354,0.0,1.0,0,-1.0,0,0.3333333333333333,0.0,0.1111111111111111,0.0,0.2631578947368421,1.165922381636102,1.0,0.0,1.0,0,0.40090537526718517
2246,James Lambert DVM,1.0,0,0.16666666666666666,1.4142135623730951,0.0,0.0,1.0,0,1.0,0,1.0,0,0.75,0,1.0,0,1.0,0,0.5,0.5,0.5555555555555556,0.0,1.0,0,0.2,0,0.6666666666666666,0,1.0,0,0.5,0.0,0.42857142857142855,0,1.0,0,0.75,0,1.0,0,-0.25,0.0,0.25,0.9428090415820634,0.058823529411764705,1.0,0.6666666666666666,0.0,-1.0,0,0.7777777777777778,0,-0.1111111111111111,0.0,0.3157894736842105,1.0,0.875,0,1.0,0,0.48917864089339863
58305,James Lambert DVM,1.0,0,0.3333333333333333,0.0,0.0,0.0,1.0,0,1.0,0,1.0,0,0.75,0,1.0,0,1.0,0,0.6666666666666666,0,0.7777777777777778,0,1.0,0,0.4,0.0,0.8333333333333334,0.0,1.0,0,0.5,0.0,0.42857142857142855,0,1.0,0,1.0,0.0,1.0,0,0.0,0,0.25,0.0,0.17647058823529413,0.8660254037844386,0.8333333333333334,0.0,-1.0,0,0.7777777777777778,0,0.3333333333333333,2.0,0.2631578947368421,1.5,1.0,0.0,1.0,0,0.4005991334947917
41929,James Lambert DVM,1.0,0,0.6666666666666666,0.5,-0.25,0.0,1.0,0,1.0,0,1.0,0,0.75,0,0.5,0.0,1.0,0,0.6111111111111112,0.0,0.7777777777777778,0,1.0,0,0.4,0.0,0.6666666666666666,0,1.0,0,0.625,0.0,0.42857142857142855,0,1.0,0,0.75,0,1.0,0,-0.25,0.0,0.3333333333333333,0.0,0.17647058823529413,0.8660254037844386,1.0,0,-0.3333333333333333,0.0,0.6666666666666666,0.0,0.3333333333333333,2.0,0.2631578947368421,1.2133516482134197,0.875,0,1.0,0,0.49053485294530674
20141,James Lambert DVM,1.0,0,0.5833333333333334,0.0,0.0,0.0,1.0,0,1.0,0,0.0,0.5,0.625,0.0,0.75,0.0,1.0,0,0.6666666666666666,1.2649110640673518,0.5555555555555556,0.0,1.0,0,0.5,0.5,0.5,0.0,1.0,0,0.625,0.0,0.35714285714285715,0.0,1.0,0,0.875,1.5,1.0,0,-0.25,0.0,0.3333333333333333,1.5,-0.11764705882352941,0.9428090415820634,0.6666666666666666,0.0,-1.0,0,0.4444444444444444,1.0897247358851685,0.5555555555555556,0.0,0.15789473684210525,1.1,0.75,0.0,1.0,0,0.46130618710837995
,Ashley Gould,0.7142857142857143,0,0.16666666666666666,0,0.0,0,0.8333333333333334,0,1.0,0,1.0,0,0.75,0,1.0,0,1.0,0,0.6666666666666666,0,0.5555555555555556,0,1.0,0,0.4,0,0.6666666666666666,0,1.0,0,0.75,0,0.42857142857142855,0,1.0,0,0.75,0,1.0,0,-0.5,0,0.5,0,0.17647058823529413,0,0.6666666666666666,0,-1.0,0,0.7777777777777778,0,0.3333333333333333,0,0.3157894736842105,0,0.875,0,1.0,0,0.5063639735462245
63905,Ashley Gould,0.5714285714285714,1.699673171197595,0.4166666666666667,1.4142135623730951,0.25,0.0,0.8333333333333334,1.4142135623730951,0.75,0.0,0.6666666666666666,0.0,0.75,0,0.75,0.0,1.0,0,0.7777777777777778,0.0,0.6666666666666666,1.4696938456699067,0.75,0.0,0.6,0.0,0.6666666666666666,0,0.8333333333333334,0.0,1.0,0.0,0.6428571428571429,0.0,1.0,0,0.75,1.4142135623730951,1.0,0,0.75,0.4714045207910317,0.5,1.4142135623730951,0.4117647058823529,1.3425606637327303,0.5,1.299038105676658,-0.6666666666666666,0.0,0.7777777777777778,0,0.3333333333333333,2.0,0.2631578947368421,1.2133516482134197,0.9375,1.5,1.0,0,0.4883698825880377
48321,Ashley Gould,0.7142857142857143,0,0.5,0.0,0.0,1.0,0.9166666666666666,0.0,1.0,0,0.6666666666666666,0.0,0.75,0,1.0,0,1.0,0,0.7777777777777778,0.0,0.7777777777777778,0.0,1.0,0,0.6,0.0,0.8333333333333334,0.0,1.0,0,0.5,0.0,0.35714285714285715,0.0,1.0,0,0.875,1.5,1.0,0,-0.25,0.0,0.25,1.4142135623730951,0.23529411764705882,1.165922381636102,1.0,0.0,-1.0,0,0.7777777777777778,0,0.2222222222222222,0.0,0.15789473684210525,1.3564659966250538,0.9375,0.0,1.0,0,0.4526253726276122
1897,Ashley Gould,0.7142857142857143,0,0.3333333333333333,0.0,0.0,0,0.8333333333333334,0,1.0,0,1.0,0,0.75,0,1.0,0,1.0,0,0.6666666666666666,0,0.7777777777777778,0.0,1.0,0,0.4,0,0.6666666666666666,0,1.0,0,0.75,0,0.35714285714285715,0.0,1.0,0,1.0,0.0,1.0,0,-0.5,0,0.5833333333333334,0.0,0.23529411764705882,0.0,1.0,0.0,-1.0,0,0.7777777777777778,0,0.5555555555555556,0.0,0.42105263157894735,0.0,0.875,0,1.0,0,0.4425338078515233
2509,Ashley Gould,0.7142857142857143,0,0.3333333333333333,0.0,0.0,1.0,1.0,0.0,1.0,0,1.0,0,0.75,0,1.0,0,1.0,0,0.9444444444444444,0.4714045207910317,0.7777777777777778,0.0,1.0,0,0.6,0.0,0.6666666666666666,0,1.0,0,1.0,0.0,0.2857142857142857,0.0,1.0,0,1.0,0.0,1.0,0,-0.5,0,0.5,0,0.35294117647058826,0.8,1.0,0.0,-1.0,0,0.8888888888888888,0.0,0.3333333333333333,2.0,0.21052631578947367,1.1605769149479943,1.0,0.0,1.0,0,0.3696642624814458
49202,Ashley Gould,0.7142857142857143,0,0.16666666666666666,1.4142135623730951,0.25,0.0,1.0,0.0,1.0,0,1.0,0,0.75,0,1.0,0,1.0,0,0.7777777777777778,0.0,0.4444444444444444,1.699673171197595,1.0,0,0.4,0,0.8333333333333334,0.0,0.6666666666666666,0.0,0.75,0,0.35714285714285715,0.9428090415820634,1.0,0,1.0,0.0,1.0,0,-0.25,0.0,0.5,0,0.11764705882352941,0.9797958971132713,1.0,0.0,-1.0,0,0.7777777777777778,0,0.3333333333333333,2.0,0.2631578947368421,1.2133516482134197,1.0,0.0,1.0,0,0.4334111035757707
2246,Ashley Gould,0.7142857142857143,0,0.08333333333333333,1.5,-0.25,0.0,1.0,0.0,1.0,0,1.0,0,0.75,0,0.75,0.0,1.0,0,0.6666666666666666,2.0,0.5555555555555556,0,1.0,0,0.6,0.0,0.6666666666666666,0,1.0,0,0.625,0.0,0.5714285714285714,0.8660254037844386,1.0,0,0.75,0,1.0,0,-0.5,0,0.5,2.0,0.17647058823529413,1.2649110640673518,0.6666666666666666,0,-1.0,0,0.7777777777777778,0,0.3333333333333333,0,0.42105263157894735,0.0,1.0,0.0,1.0,0,0.4725193629556298
58305,Ashley Gould,0.7142857142857143,0,0.4166666666666667,0.5,0.25,0.0,0.8333333333333334,0,1.0,0,1.0,0,0.75,0,1.0,0,1.0,0,0.6666666666666666,0,0.7777777777777778,0.0,1.0,0,0.6,0.0,0.6666666666666666,0,1.0,0,0.5,0.0,0.35714285714285715,0.0,1.0,0,0.75,0,1.0,0,-0.5,0,0.5,0,0.23529411764705882,0.9428090415820634,1.0,0.0,-1.0,0,0.7777777777777778,0,0.5555555555555556,0.0,0.3157894736842105,1.0,0.875,0,0.6666666666666666,0.0,0.4968106133439438
41929,Ashley Gould,0.7142857142857143,0,0.3333333333333333,0.0,0.0,0,0.8333333333333334,0,1.0,0,1.0,0,0.75,0,1.0,0,1.0,0,0.6666666666666666,0,0.5555555555555556,2.0,1.0,0,0.6,0.0,0.6666666666666666,0,0.6666666666666666,0.0,1.0,0.0,0.5714285714285714,0.0,1.0,0,1.0,0.0,1.0,0,-0.5,0,0.5,0,0.35294117647058826,1.0897247358851685,1.0,0.0,-1.0,0,0.7777777777777778,0,0.5555555555555556,0.0,0.42105263157894735,0.8660254037844386,0.875,0,1.0,0,0.4495851424565121
20141,Ashley Gould,0.7142857142857143,2.0,0.16666666666666666,1.2649110640673518,0.0,0,0.8333333333333334,1.4142135623730951,0.5,0.0,0.3333333333333333,0.0,0.625,0.0,0.75,0.0,0.75,0.0,0.5,1.5,0.5555555555555556,1.4142135623730951,0.75,0.0,0.7,1.4142135623730951,0.3333333333333333,0.0,1.0,0,0.75,1.4142135623730951,0.5714285714285714,0.8660254037844386,1.0,0,0.875,1.5,1.0,0,0.0,0.0,0.0,1.0,0.058823529411764705,1.1331154474650633,0.8333333333333334,1.5,-0.6666666666666666,0.0,0.6666666666666666,0.9428090415820634,0.4444444444444444,1.699673171197595,0.15789473684210525,0.9428090415820634,0.6875,1.6393596310755,0.8333333333333334,0.0,0.5389133452749222
,Robert Brooks,0.42857142857142855,0,0.25,0,0.0,0,1.0,0,1.0,0,1.0,0,0.75,0,1.0,0,1.0,0,0.5555555555555556,0,0.1111111111111111,0,1.0,0,0.2,0,0.8333333333333334,0,0.6666666666666666,0,0.75,0,0.42857142857142855,0,1.0,0,0.625,0,1.0,0,-0.5,0,0.0,0,0.0,0,0.6666666666666666,0,-0.3333333333333333,0,0.4444444444444444,0,0.3333333333333333,0,0.42105263157894735,0,1.0,0,1.0,0,0.5223251885004141
63905,Robert Brooks,0.14285714285714285,1.8856180831641267,0.0,1.4142135623730951,-0.25,0.0,0.6666666666666666,0.4714045207910317,1.0,0,0.3333333333333333,0.0,0.75,0,0.5,0.0,1.0,0,0.5555555555555556,0,0.4444444444444444,1.3564659966250538,1.0,0,0.6,0.0,0.5,0.0,0.3333333333333333,0.0,0.75,0,0.7142857142857143,0.0,1.0,0,0.5,1.5,1.0,0,0.0,0.0,-0.08333333333333333,1.299038105676658,0.4117647058823529,1.0679400113155209,0.6666666666666666,1.4142135623730951,0.0,1.699673171197595,0.7777777777777778,0.5,0.3333333333333333,2.0,0.5263157894736842,1.5,0.875,0.0,1.0,0,0.6362916619442007
48321,Robert Brooks,0.14285714285714285,0.0,0.25,1.5811388300841898,-0.25,0.0,1.0,0,1.0,0,0.6666666666666666,0.0,0.5,0.0,0.5,0.0,1.0,0,0.4444444444444444,1.8856180831641267,-0.1111111111111111,1.247219128924647,1.0,0,0.4,1.8856180831641267,0.6666666666666666,0.0,0.3333333333333333,0.0,0.25,0.0,0.5,0.0,1.0,0,0.875,1.247219128924647,1.0,0,0.0,0.0,0.0,1.4142135623730951,0.17647058823529413,1.2472191289246473,0.3333333333333333,1.247219128924647,-0.3333333333333333,2.0,0.5555555555555556,1.699673171197595,0.2222222222222222,0.0,0.15789473684210525,1.5761900266148114,0.8125,0.5,1.0,0,0.644010726705679
1897,Robert Brooks,0.42857142857142855,0,0.25,0,-0.25,0.0,1.0,0,1.0,0,1.0,0,0.75,0,1.0,0,1.0,0,0.5555555555555556,0,0.1111111111111111,0,1.0,0,0.2,0,0.8333333333333334,0,0.6666666666666666,0,0.5,0.0,0.42857142857142855,0,1.0,0,0.625,0,1.0,0,-0.5,0,0.08333333333333333,0.0,-0.11764705882352941,0.0,0.6666666666666666,0,-0.3333333333333333,0,0.5555555555555556,0.0,0.3333333333333333,0,0.47368421052631576,0.0,1.0,0,1.0,0,0.5316561249807195
2509,Robert Brooks,0.7142857142857143,0.0,0.08333333333333333,0.0,-0.25,0.0,1.0,0,1.0,0,1.0,0,0.5,0.0,1.0,0,1.0,0,0.7777777777777778,1.7320508075688772,0.1111111111111111,0,1.0,0,0.2,0,0.8333333333333334,0,0.6666666666666666,0,0.375,0.5,0.2857142857142857,0.0,1.0,0,0.875,0.0,0.75,0.0,-0.5,0,0.3333333333333333,0.4714045207910317,0.11764705882352941,1.699673171197595,0.6666666666666666,0,0.3333333333333333,0.0,0.5555555555555556,1.699673171197595,-0.1111111111111111,0.0,0.3684210526315789,1.2133516482134197,0.9375,0.0,1.0,0,0.5413428143597998
49202,Robert Brooks,0.14285714285714285,0.0,0.08333333333333333,0.0,-0.25,0.0,1.0,0,1.0,0,1.0,0,0.75,0,0.75,0.0,1.0,0,0.7777777777777778,0.0,-0.2222222222222222,0.5,1.0,0,0.1,0.0,0.8333333333333334,0,0.3333333333333333,0.0,0.75,0,0.2857142857142857,0.0,1.0,0,0.875,0.0,1.0,0,-0.25,0.0,0.25,0.0,0.11764705882352941,0.8660254037844386,0.3333333333333333,0.0,-0.3333333333333333,0,0.5555555555555556,0.0,0.1111111111111111,0.0,0.6842105263157895,0.4330127018922193,1.0,0,1.0,0,0.5344379619128771
2246,Robert Brooks,0.42857142857142855,0,0.0,0.5,-0.25,0.0,1.0,0,1.0,0,1.0,0,0.75,0,0.5,0.0,1.0,0,0.6666666666666666,0.0,-0.1111111111111111,1.247219128924647,1.0,0,0.3,1.5,0.8333333333333334,0,0.6666666666666666,0,0.5,0.0,0.35714285714285715,0.0,1.0,0,0.75,1.699673171197595,1.0,0,-0.25,0.0,0.0,1.4142135623730951,0.058823529411764705,1.299038105676658,0.3333333333333333,1.247219128924647,-0.3333333333333333,2.0,0.5555555555555556,0.0,0.3333333333333333,0,0.3684210526315789,1.2133516482134197,1.0,0,1.0,0,0.5823895551813524
58305,Robert Brooks,0.42857142857142855,0,0.25,0,0.0,0,1.0,0,1.0,0,1.0,0,0.75,0,1.0,0,1.0,0,0.7777777777777778,0.0,0.1111111111111111,0,1.0,0,0.4,0.0,0.3333333333333333,0.5,0.6666666666666666,0,0.75,0,0.2857142857142857,0.0,1.0,0,0.5,1.5,1.0,0,-0.5,0,0.25,0.5,-0.058823529411764705,1.5,0.6666666666666666,0,-0.3333333333333333,0,0.5555555555555556,0.0,0.3333333333333333,0,0.5789473684210527,0.0,1.0,0,1.0,0,0.532905991605101
41929,Robert Brooks,0.7142857142857143,0.0,-0.16666666666666666,0.4714045207910317,-0.25,0.0,0.8333333333333334,0.0,1.0,0,1.0,0,0.75,0,1.0,0,1.0,0,0.4444444444444444,0.0,-0.2222222222222222,0.5,1.0,0,0.6,0.0,0.8333333333333334,0,0.6666666666666666,0,0.75,0,0.42857142857142855,1.4142135623730951,1.0,0,0.75,0.0,1.0,0,0.25,0.5,0.16666666666666666,0.0,0.058823529411764705,1.299038105676658,0.16666666666666666,0.5,-0.3333333333333333,0,0.3333333333333333,1.5,0.3333333333333333,0,0.7368421052631579,0.4,1.0,0,1.0,0,0.5456108491745203
20141,Robert Brooks,0.14285714285714285,1.8856180831641267,-0.08333333333333333,1.224744871391589,0.5,0.0,0.8333333333333334,0.0,1.0,0,0.6666666666666666,0.0,0.5,0.0,0.75,0.0,1.0,0,0.2777777777777778,0.4330127018922193,0.0,1.299038105676658,1.0,0,0.7,0.4714045207910317,0.3333333333333333,0.0,-0.16666666666666666,0.4714045207910317,0.125,0.4714045207910317,0.5714285714285714,0.0,1.0,0,0.5,1.5,1.0,0,0.0,0.0,0.08333333333333333,1.469693845669907,-0.058823529411764705,1.165922381636102,0.16666666666666666,1.3564659966250536,0.6666666666666666,0.5,0.5555555555555556,1.299038105676658,0.3333333333333333,1.5811388300841898,0.15789473684210525,1.1605769149479943,0.6875,0.4714045207910317,1.0,0,0.6057739956801739
,William Miller,0.42857142857142855,0,0.0,0,0.0,0,1.0,0,1.0,0,1.0,0,0.75,0,1.0,0,1.0,0,0.5555555555555556,0,0.0,0,1.0,0,0.4,0,0.6666666666666666,0,1.0,0,0.625,0,0.42857142857142855,0,1.0,0,0.875,0,1.0,0,-0.5,0,0.16666666666666666,0,0.058823529411764705,0,0.5,0,-1.0,0,0.6666666666666666,0,0.3333333333333333,0,0.3684210526315789,0,1.0,0,1.0,0,0.4824824710414904
63905,William Miller,0.42857142857142855,2.0,0.25,0.5,-0.25,0.0,1.0,0,1.0,0,0.0,0.5,0.625,0.0,0.5,0.0,1.0,0,0.4444444444444444,0.0,0.3333333333333333,1.6393596310755,1.0,0,0.6,0.0,0.6666666666666666,0,0.6666666666666666,0.0,0.5,0.0,0.42857142857142855,0,1.0,0,0.75,1.5,1.0,0,-0.5,0,-0.08333333333333333,0.5,0.35294117647058826,1.1653431646335017,1.0,0.5,-0.6666666666666666,0.0,0.5555555555555556,1.5,0.3333333333333333,2.0,0.5263157894736842,1.5,1.0,0,1.0,0,0.5673025662818636
48321,William Miller,0.14285714285714285,0.0,0.3333333333333333,0.4714045207910317,0.0,1.0,1.0,0,1.0,0,0.6666666666666666,0.0,0.5,0.0,1.0,0,1.0,0,0.5,1.5,0.0,1.4142135623730951,1.0,0,0.3,1.5,0.6666666666666666,0,0.3333333333333333,0.0,0.5,0.0,0.42857142857142855,0,1.0,0,0.5,0.5,1.0,0,-0.5,0,0.16666666666666666,2.0,0.11764705882352941,1.355261854357877,0.5,1.4142135623730951,-1.0,0,0.7777777777777778,0.0,0.2222222222222222,0.0,0.3157894736842105,1.5723301886761005,0.875,0.0,1.0,0,0.5739584063974539
1897,William Miller,0.42857142857142855,0,0.0,0,-0.25,0.0,1.0,0,1.0,0,1.0,0,0.75,0,1.0,0,1.0,0,0.6666666666666666,0.0,0.0,0,1.0,0,0.4,0,0.6666666666666666,0,1.0,0,0.5,0.0,0.42857142857142855,0,1.0,0,0.875,0,1.0,0,-0.5,0,0.16666666666666666,0,-0.058823529411764705,0.0,0.5,0,-1.0,0,0.7777777777777778,0.0,0.3333333333333333,0,0.5789473684210527,1.4696938456699067,1.0,0,1.0,0,0.4835933031212235
2509,William Miller,0.7142857142857143,0.0,0.08333333333333333,1.5,0.0,1.0,1.0,0,1.0,0,1.0,0,0.75,0,1.0,0,1.0,0,0.7777777777777778,1.7320508075688772,0.2222222222222222,0.0,1.0,0,0.4,0,0.6666666666666666,0,1.0,0,0.75,0.0,0.2857142857142857,0.0,1.0,0,1.0,0.0,1.0,0,-0.5,0,0.0,0.0,0.11764705882352941,1.469693845669907,0.5,0,0.3333333333333333,0.0,0.5555555555555556,1.5,0.1111111111111111,0.0,0.47368421052631576,1.624807680927192,0.9375,0.0,1.0,0,0.5095791930204465
49202,William Miller,0.42857142857142855,0,0.0,0,-0.5,0.0,1.0,0,1.0,0,1.0,0,0.75,0,0.5,0.0,1.0,0,0.7777777777777778,0.0,-0.2222222222222222,0.0,1.0,0,0.6,0.0,0.6666666666666666,0,0.6666666666666666,0.0,0.75,0.0,0.2857142857142857,0.0,1.0,0,1.0,0.0,1.0,0,-0.25,0.0,0.25,0.0,0.11764705882352941,0.9428090415820634,0.5,0,-1.0,0,0.7777777777777778,0.0,0.3333333333333333,2.0,0.5263157894736842,1.5,1.0,0,1.0,0,0.506634639659268
2246,William Miller,0.42857142857142855,0,0.0,2.0,-0.25,0.0,1.0,0,1.0,0,1.0,0,0.75,0,0.0,0.0,1.0,0,0.6666666666666666,0.0,-0.3333333333333333,1.4142135623730951,1.0,0,0.2,0.0,0.6666666666666666,0,0.6666666666666666,0.0,0.5,1.5,0.35714285714285715,0.0,1.0,0,0.75,1.5,1.0,0,-0.5,0,0.08333333333333333,1.5,-0.11764705882352941,1.0897247358851685,0.3333333333333333,1.5,-1.0,0,0.7777777777777778,0.0,0.1111111111111111,0.0,0.3684210526315789,1.0,1.0,0,1.0,0,0.5619563674937588
58305,William Miller,0.42857142857142855,0,0.0,0,0.0,0,1.0,0,1.0,0,1.0,0,0.75,0,0.5,0.0,1.0,0,0.7777777777777778,0.0,0.0,0,1.0,0,0.4,0,0.3333333333333333,0.0,1.0,0,0.75,0.0,0.35714285714285715,0.0,1.0,0,0.75,1.5,1.0,0,-0.5,0,0.16666666666666666,0,0.0,0.9428090415820634,0.5,0,-1.0,0,0.5555555555555556,1.5,0.3333333333333333,0,0.631578947368421,1.5491933384829668,1.0,0,1.0,0,0.5221844456706414
41929,William Miller,0.42857142857142855,0,0.0,0,-0.25,0.0,0.8333333333333334,0.0,1.0,0,1.0,0,0.75,0,0.5,0.0,1.0,0,0.5555555555555556,2.0,0.1111111111111111,0.0,1.0,0,0.6,0.0,0.6666666666666666,0,1.0,0,0.75,0.0,0.42857142857142855,1.4142135623730951,1.0,0,0.75,1.5,1.0,0,0.0,0.0,0.0,0.0,0.17647058823529413,0.8660254037844386,0.6666666666666666,0.0,-1.0,0,0.3333333333333333,1.4142135623730951,0.3333333333333333,0,0.631578947368421,1.3437096247164249,1.0,0,1.0,0,0.5465287125609684
20141,William Miller,0.7142857142857143,0.0,0.16666666666666666,1.2,0.0,0,1.0,0,1.0,0,0.6666666666666666,0.0,0.625,0.0,0.75,0.0,1.0,0,0.3333333333333333,0.0,0.4444444444444444,0.9797958971132712,1.0,0,0.4,0,0.5,0.0,1.0,0,0.125,0.4714045207910317,0.5714285714285714,0.0,1.0,0,0.75,1.5,1.0,0,-0.25,0.0,0.16666666666666666,2.0,0.0,0.9938079899999066,1.0,0.5,-0.6666666666666666,0.0,0.4444444444444444,0.8660254037844386,0.2222222222222222,1.7853571071357126,0.15789473684210525,1.067940011315521,0.875,0.0,1.0,0,0.49292366372917384
